Workbook

Sheet HuongDan
A1: Bộ test case thủ công — Office và PDF
A2: Phạm vi Office | C2: Mở và xem Word / Excel / PowerPoint, tạo tài liệu mới, chế độ sửa (ribbon, lưu, bản nháp), tìm và thay thế, ô công thức Excel, sửa và sắp xếp slide, trình chiếu, chuyển sang PDF.
A3: Phạm vi PDF | C3: Trình đọc (tìm kiếm, mục lục, đánh dấu, màu trang, Text view, đọc thành tiếng, tự cuộn), sửa tại chỗ (thêm chữ, ghi chú, ký, điền form, sắp xếp trang), 11 công cụ (Merge, Split, Compress, Protect, Watermark, Redact, OCR, Translate, PDF to images, Images to PDF, ZIP), chọn file, màn xử lý / kết quả, scanner.
A4: Nguồn | C4: Kết quả mong đợi viết từ việc đọc code của app và source SDK, chưa chạy trên thiết bị. Ở phần PDF, tên nút được mô tả theo chức năng vì nhiều nút chỉ có biểu tượng.
A5: Chuỗi hiển thị | C5: Các câu trong ngoặc kép là chuỗi tiếng Anh mặc định của app. Nếu dùng ngôn ngữ khác, đối chiếu theo nghĩa.
A7: Các sheet
A8: TongHop | C8: Tự đếm Pass / Fail / Blocked / chưa chạy của mọi sheet.
A9: Office_EndUser | B9: 27 kịch bản, theo bước | C9: Kịch bản theo việc người dùng muốn làm với file Office. Mỗi dòng là 1 bước có kết quả mong đợi riêng.
A10: PDF_EndUser | B10: 32 kịch bản, theo bước | C10: Kịch bản người dùng cho đọc, sửa, công cụ PDF và scanner.
A11: Office_Chung, Office_Word, Office_Excel, Office_PowerPoint, Office_Slideshow | B11: theo ca | C11: Từng tính năng Office riêng lẻ và các giá trị biên. Mã trong cột Lưu ý của Office_EndUser (vd PP-016, GEN-022) trỏ tới ca ở các sheet này.
A12: PDF_BienVaLoi | B12: theo ca | C12: Ca biên, lỗi và tình huống bất thường của các tính năng PDF.
A14: Cách chạy
A15: Sheet *_EndUser | C15: Chạy các bước theo đúng thứ tự trong 1 kịch bản và đánh kết quả cho từng bước. Bước Fail mà vẫn đi tiếp được thì đi tiếp; không đi tiếp được thì đánh Blocked cho các bước sau.
A16: Các sheet còn lại | C16: Mỗi dòng là 1 ca độc lập. Chạy ca ưu tiên Cao trước (với các sheet có cột Ưu tiên).
A18: Cách điền
A19: Cột được điền | B19: Kết quả, Thực tế / ghi chú của tester, Thiết bị / bản build | C19: Ba cột nền vàng nhạt. Các cột khác không cần sửa.
A20: Kết quả | B20: Pass | C20: Đúng toàn bộ phần mong đợi.
B21: Fail | C21: Sai bất kỳ ý nào; mô tả điều thực tế, kèm ảnh/video nếu có.
B22: Blocked | C22: Không chạy được vì bước/ca khác lỗi hoặc thiếu dữ liệu test.
B23: N/A | C23: Không áp dụng cho bản build/thiết bị này.
A24: Nhãn (cột Loại hoặc Lưu ý) | B24: Lỗi đã biết | C24: Lỗi đã biết từ phân tích code (nền cam). Phần mong đợi ghi cả MONG ĐỢI và HIỆN TẠI; đánh Fail nếu vẫn xảy ra như HIỆN TẠI.
B25: Cần xác nhận | C25: Hành vi chưa xác định chắc từ code (nền xanh nhạt). Ghi lại điều thực tế để chốt yêu cầu.
B26: Giới hạn | C26: Giới hạn hiện tại của sản phẩm, không phải lỗi (nền xám). Đánh Pass nếu đúng như mô tả.
A28: Ví dụ một dòng đã điền
A29: ID | B29: PP-016 (sheet Office_PowerPoint)
A30: Kết quả | B30: Fail
A31: Thực tế / ghi chú | B31: Nhảy về slide 1 ngay khi bàn phím bật; ô nhập hiện ở slide 1. Video: bug_pp016.mp4
A32: Thiết bị / bản build | B32: Galaxy A54, Android 14 — devDebug (12/10)
A34: Dữ liệu test — Office (mã F)
A35: Mã | B35: Tên | C35: Mô tả
A36: F01 | B36: Word ngắn | C36: .docx 1–2 trang, chỉ chữ
A37: F02 | B37: Word dài | C37: .docx ≥ 20 trang, có bảng, ảnh, header/footer, text box
A38: F03 | B38: Word cũ | C38: .doc
A39: F04 | B39: Excel | C39: .xlsx ≥ 3 sheet, có công thức (SUM, AVERAGE, IF), ô gộp, ≥ 1000 dòng
A40: F05 | B40: Excel macro | C40: .xlsm có 1 macro đơn giản
A41: F06 | B41: Excel cũ | C41: .xls
A42: F07 | B42: PowerPoint | C42: .pptx ≥ 5 slide, có ảnh, text box, shape chồng nhau, shape group, hiệu ứng (Entrance theo click) và transition
A43: F08 | B43: PowerPoint nặng | C43: .pptx ≥ 30 slide, nhiều ảnh lớn
A44: F09 | B44: PowerPoint cũ | C44: .ppt
A45: F10 | B45: Có mật khẩu (Word) | C45: .docx đặt mật khẩu mở bằng MS Word (ghi lại mật khẩu)
A46: F11 | B46: Có mật khẩu (Excel/PPT) | C46: .xlsx và .pptx đặt mật khẩu mở
... A51: F16 | B51: PowerPoint 1 slide | C51: .pptx chỉ có 1 slide
A53: Dữ liệu test — PDF (mã D)
A54: Mã | B54: Tên | C54: Mô tả
A55: D01 | B55: PDF chữ ngắn | C55: 2–3 trang, chữ chọn được, có số điện thoại / số tài khoản để thử redact
A56: D02 | B56: PDF dài có mục lục | C56: ≥ 50 trang, có outline (bookmark) nhiều cấp
A57: D03 | B57: PDF scan | C57: trang là ảnh chụp, không có lớp chữ, chữ rõ
A58: D04 | B58: PDF có form | C58: có ô chữ, ô tích, nút chọn, danh sách thả xuống, ô chữ ký, 1 ô chỉ đọc
A59: D05 | B59: PDF có mật khẩu | C59: đặt mật khẩu mở (ghi lại mật khẩu)
A60: D06 | B60: PDF nặng | C60: > 20 MB, nhiều ảnh
A61: D07 | B61: PDF tiếng Anh | C61: ≥ 5 trang chữ tiếng Anh
A62: D08 | B62: PDF hỏng | C62: file .txt đổi đuôi thành .pdf
A63: D09 | B63: PDF 1 trang
A64: D10 | B64: PDF trang ngang / cỡ hỗn hợp | C64: có cả trang dọc, ngang, A3
A65: D11 | B65: Bộ ảnh | C65: 5–10 ảnh JPG/PNG, cả dọc lẫn ngang, 1 ảnh ≥ 12MP
A66: D12 | B66: Giấy tờ thật | C66: tờ A4 có chữ, hoá đơn, 1 thẻ nhỏ; nền tối màu và nền trắng
A68: Môi trường nên chạy
A69: Thiết bị | C69: 1 máy màn nhỏ / cấu hình thấp (RAM ≤ 4 GB) và 1 máy màn lớn / cấu hình cao; 1 máy Android ≤ 10 và 1 máy Android ≥ 13. Lỗi nhảy slide phụ thuộc chiều cao bàn phím so với màn hình nên cần thử cả hai cỡ.
A70: Bàn phím | C70: Gboard (Telex) và 1 bàn phím khác (Laban Key / Samsung Keyboard).
A71: Mạng | C71: Có mạng cho lần dịch PDF đầu tiên; các tính năng khác thử thêm ở chế độ máy bay.
A72: Giao diện | C72: Chạy lại các ca ưu tiên Cao và các kịch bản chính ở Dark theme.

Sheet TongHop
A1: Sheet | B1: Tổng số dòng | C1: Pass | D1: Fail | E1: Blocked | F1: N/A | G1: Chưa chạy | H1: % đã chạy | I1: Lỗi đã biết | J1: Cần xác nhận | K1: Giới hạn
A2: Office_EndUser | B2: =COUNTA(Office_EndUser!A2:A223) | C2: =COUNTIF(Office_EndUser!H2:H223,"Pass") | D2: =COUNTIF(Office_EndUser!H2:H223,"Fail") | E2: =COUNTIF(Office_EndUser!H2:H223,"Blocked") | F2: =COUNTIF(Office_EndUser!H2:H223,"N/A") | G2: =B2-SUM(C2:F2) | H2: =IF(B2=0,0,SUM(C2:F2)/B2) | I2: =COUNTIF(Office_EndUser!G2:G223,"Lỗi đã biết*") | J2: =COUNTIF(Office_EndUser!G2:G223,"Cần xác nhận*") | K2: =COUNTIF(Office_EndUser!G2:G223,"Giới hạn*")
A3: Office_Chung | B3: =COUNTA(Office_Chung!A2:A83) | C3: =COUNTIF(Office_Chung!J2:J83,"Pass") | D3: =COUNTIF(Office_Chung!J2:J83,"Fail") | E3: =COUNTIF(Office_Chung!J2:J83,"Blocked") | F3: =COUNTIF(Office_Chung!J2:J83,"N/A") | G3: =B3-SUM(C3:F3) | H3: =IF(B3=0,0,SUM(C3:F3)/B3) | I3: =COUNTIF(Office_Chung!D2:D83,"Lỗi đã biết") | J3: =COUNTIF(Office_Chung!D2:D83,"Cần xác nhận") | K3: =COUNTIF(Office_Chung!D2:D83,"Giới hạn")
A4: Office_Word | B4: =COUNTA(Office_Word!A2:A53) | C4: =COUNTIF(Office_Word!J2:J53,"Pass") | D4: =COUNTIF(Office_Word!J2:J53,"Fail") | E4: =COUNTIF(Office_Word!J2:J53,"Blocked") | F4: =COUNTIF(Office_Word!J2:J53,"N/A") | G4: =B4-SUM(C4:F4) | H4: =IF(B4=0,0,SUM(C4:F4)/B4) | I4: =COUNTIF(Office_Word!D2:D53,"Lỗi đã biết") | J4: =COUNTIF(Office_Word!D2:D53,"Cần xác nhận") | K4: =COUNTIF(Office_Word!D2:D53,"Giới hạn")
A5: Office_Excel | B5: =COUNTA(Office_Excel!A2:A39) | C5: =COUNTIF(Office_Excel!J2:J39,"Pass") | D5: =COUNTIF(Office_Excel!J2:J39,"Fail") | E5: =COUNTIF(Office_Excel!J2:J39,"Blocked") | F5: =COUNTIF(Office_Excel!J2:J39,"N/A") | G5: =B5-SUM(C5:F5) | H5: =IF(B5=0,0,SUM(C5:F5)/B5) | I5: =COUNTIF(Office_Excel!D2:D39,"Lỗi đã biết") | J5: =COUNTIF(Office_Excel!D2:D39,"Cần xác nhận") | K5: =COUNTIF(Office_Excel!D2:D39,"Giới hạn")
A6: Office_PowerPoint | B6: =COUNTA(Office_PowerPoint!A2:A64) | C6: =COUNTIF(Office_PowerPoint!J2:J64,"Pass") | D6: =COUNTIF(Office_PowerPoint!J2:J64,"Fail") | E6: =COUNTIF(Office_PowerPoint!J2:J64,"Blocked") | F6: =COUNTIF(Office_PowerPoint!J2:J64,"N/A") | G6: =B6-SUM(C6:F6) | H6: =IF(B6=0,0,SUM(C6:F6)/B6) | I6: =COUNTIF(Office_PowerPoint!D2:D64,"Lỗi đã biết") | J6: =COUNTIF(Office_PowerPoint!D2:D64,"Cần xác nhận") | K6: =COUNTIF(Office_PowerPoint!D2:D64,"Giới hạn")
A7: Office_Slideshow | B7: =COUNTA(Office_Slideshow!A2:A30) | C7: =COUNTIF(Office_Slideshow!J2:J30,"Pass") | D7: =COUNTIF(Office_Slideshow!J2:J30,"Fail") | E7: =COUNTIF(Office_Slideshow!J2:J30,"Blocked") | F7: =COUNTIF(Office_Slideshow!J2:J30,"N/A") | G7: =B7-SUM(C7:F7) | H7: =IF(B7=0,0,SUM(C7:F7)/B7) | I7: =COUNTIF(Office_Slideshow!D2:D30,"Lỗi đã biết") | J7: =COUNTIF(Office_Slideshow!D2:D30,"Cần xác nhận") | K7: =COUNTIF(Office_Slideshow!D2:D30,"Giới hạn")
A8: PDF_EndUser | B8: =COUNTA(PDF_EndUser!A2:A292) | C8: =COUNTIF(PDF_EndUser!H2:H292,"Pass") | D8: =COUNTIF(PDF_EndUser!H2:H292,"Fail") | E8: =COUNTIF(PDF_EndUser!H2:H292,"Blocked") | F8: =COUNTIF(PDF_EndUser!H2:H292,"N/A") | G8: =B8-SUM(C8:F8) | H8: =IF(B8=0,0,SUM(C8:F8)/B8) | I8: =COUNTIF(PDF_EndUser!G2:G292,"Lỗi đã biết*") | J8: =COUNTIF(PDF_EndUser!G2:G292,"Cần xác nhận*") | K8: =COUNTIF(PDF_EndUser!G2:G292,"Giới hạn*")
A9: PDF_BienVaLoi | B9: =COUNTA(PDF_BienVaLoi!A2:A89) | C9: =COUNTIF(PDF_BienVaLoi!H2:H89,"Pass") | D9: =COUNTIF(PDF_BienVaLoi!H2:H89,"Fail") | E9: =COUNTIF(PDF_BienVaLoi!H2:H89,"Blocked") | F9: =COUNTIF(PDF_BienVaLoi!H2:H89,"N/A") | G9: =B9-SUM(C9:F9) | H9: =IF(B9=0,0,SUM(C9:F9)/B9) | I9: =COUNTIF(PDF_BienVaLoi!G2:G89,"Lỗi đã biết*") | J9: =COUNTIF(PDF_BienVaLoi!G2:G89,"Cần xác nhận*") | K9: =COUNTIF(PDF_BienVaLoi!G2:G89,"Giới hạn*")
A10: Tổng | B10: =SUM(B2:B9) | C10: =SUM(C2:C9) | D10: =SUM(D2:D9) | E10: =SUM(E2:E9) | F10: =SUM(F2:F9) | G10: =SUM(G2:G9) | H10: =IF(B10=0,0,SUM(C10:F10)/B10) | I10: =SUM(I2:I9) | J10: =SUM(J2:J9) | K10: =SUM(K2:K9)
A12: Các số tự tính từ cột "Kết quả" và cột "Loại" / "Lưu ý" của từng sheet. Sheet *_EndUser đếm theo bước, các sheet còn lại đếm theo ca.

Sheet Office_EndUser
A1: ID bước | B1: Kịch bản | C1: Mục tiêu của người dùng | D1: Chuẩn bị | E1: Người dùng làm gì | F1: Người dùng thấy gì (mong đợi) | G1: Lưu ý | H1: Kết quả | I1: Thực tế / ghi chú của tester | J1: Thiết bị / bản build
A2: E01-01 | B2: E01. Mở file Word nhận từ app khác | C2: Tôi nhận được 1 file Word qua Zalo/Gmail và muốn đọc ngay. | D2: Có 1 file .docx trong tin nhắn Zalo hoặc email. App đã cài và đã qua màn chào. | E2: Trong Zalo/Gmail, chạm vào file .docx. | F2: Điện thoại hỏi mở bằng app nào, trong danh sách có app này. | H2: Pass
A3: E01-02 | E3: Chọn app này. | F3: Thấy màn chờ ngắn rồi tài liệu hiện ra ngay, không phải đi qua màn hình chính của app. | H3: Pass
A4: E01-03 | E4: Nhìn thanh trên cùng. | F4: Có nút quay lại, biểu tượng Word, tên file, nút tìm kiếm (kính lúp), nút chia sẻ và nút ⋮. Góc dưới có nút Edit. Có nhãn "Page 1 / N". | H4: Pass
A5: E01-04 | E5: Vuốt lên để đọc tiếp. | F5: Trang cuộn mượt, nhãn số trang tăng dần. | H5: Pass
A6: E01-05 | E6: Chụm 2 ngón để thu nhỏ, giãn để phóng to. | F6: Chữ to/nhỏ theo tay và nét lại sau khi thả. | H6: Pass
A7: E01-06 | E7: Bấm nút quay lại. | F7: Quay về đúng Zalo/Gmail nơi vừa bấm vào file. | H7: Pass
A8: E02-01 | B8: E02. Đọc tài liệu dài và tìm lại sau này | C8: Tôi đọc 1 tài liệu dài, muốn nhảy nhanh tới trang cần và đánh dấu để lần sau mở lại. | D8: Đã cấp quyền bộ nhớ. Có file F02 (Word ≥ 20 trang) trong máy. | E8: Mở app, vào tab Files, chạm F02. | F8: Tài liệu mở ở chế độ đọc. | H8: Pass
A9: E02-02 | E9: Bấm ⋮ → Go to page. | F9: Hộp nhập số hiện ra, có sẵn số trang đang đọc. | H9: Pass
A10: E02-03 | E10: Nhập 15, bấm Done. | F10: Tài liệu nhảy tới trang 15, nhãn "Page 15 / N". | H10: Pass
A11: E02-04 | E11: Bấm ⋮ → Go to page, nhập 999, Done. | F11: Thông báo "Enter a number from 1 to N"; vẫn ở trang 15. | H11: Pass
A12: E02-05 | E12: Bấm ⋮ → Favorite. | F12: Menu đóng. Mở lại ⋮ thấy mục Favorite đã ở trạng thái đã đánh dấu. | H12: Pass
A13: E02-06 | E13: Bấm ⋮ → File info. | F13: Bảng thông tin hiện tên, nơi lưu, dung lượng, ngày sửa của file. | H13: Pass
A14: E02-07 | E14: Đóng bảng, bấm quay lại, mở danh sách Favorite. | F14: F02 có trong danh sách yêu thích. | H14: Pass
A15: E02-08 | E15: Xem danh sách Recent. | F15: F02 nằm trên cùng. | H15: Fail | I15: mở file word nhưng không hiện (F02)
A16: E03-01 | B16: E03. Soạn một lá đơn bằng Word | C16: Tôi cần viết nhanh 1 lá đơn xin nghỉ phép trên điện thoại rồi gửi cho sếp. | D16: Đã cấp quyền bộ nhớ. Bàn phím tiếng Việt (Telex). | E16: Ở tab Files bấm nút tạo mới (+) → chọn tạo tài liệu. | F16: Màn New document: tên gợi ý "Untitled-<tháng>-<ngày>", loại Word đang được chọn, đuôi .docx, có dòng cho biết nơi lưu. | H16: Pass
A17: E03-02 | E17: Sửa tên thành "Don xin nghi phep", bấm Create. | F17: Tài liệu trắng mở ra, sẵn sàng gõ: có thanh công cụ (ribbon) ở dưới, góc trên ghi "Saved". | H17: Pass
A18: E03-03 | E18: Chạm vào trang, gõ "ĐƠN XIN NGHỈ PHÉP" rồi Enter. | F18: Bàn phím bật, thanh công cụ nằm ngay trên bàn phím. Chữ có dấu hiện đúng. Góc trên đổi thành "Not saved". | H18: Fail | I18: Luôn hiện chữ Save
A19: E03-04 | E19: Gõ tiếp 3 đoạn nội dung (kính gửi, lý do, thời gian). | F19: Chữ hiện đúng, tự xuống dòng khi hết lề; con trỏ luôn nằm trong vùng nhìn thấy. | H19: Pass
A20: E03-05 | E20: Nhấn giữ vào dòng tiêu đề để chọn, kéo tay nắm chọn hết dòng. | F20: Dòng tiêu đề được tô chọn. | H20: Pass
A21: E03-06 | E21: Ở tab Home bấm B, rồi chạm ô Size và chọn 20. | F21: Tiêu đề đậm và to hơn; nút B sáng; ô Size hiện "20". | H21: Pass
A22: E03-07 | E22: Sang tab Layout, bấm căn giữa. | F22: Tiêu đề ra giữa trang; nút căn giữa sáng. | H22: Pass
A23: E03-08 | E23: Chọn 3 đoạn nội dung, bấm căn đều 2 bên. | F23: Ba đoạn thẳng cả lề trái và phải. | H23: Pass
A24: E03-09 | E24: Chạm ô Font, chọn 1 font khác. | F24: Chữ đang chọn đổi kiểu; ô Font hiện tên font vừa chọn. | H24: Pass
A25: E03-10 | E25: Bấm nút Save ở góc trên → Save. | F25: Thông báo "Saved"; góc trên ghi "Saved". | H25: Pass
A26: E03-11 | E26: Bấm Save → Share, chọn Gmail. | F26: Gmail mở ra với file đơn đính kèm sẵn. | H26: Pass
A27: E03-12 | E27: Quay lại app, bấm nút quay lại 2 lần về Files. | F27: Không bị hỏi lưu (vì đã lưu). File "Don xin nghi phep.docx" có trong danh sách. | H27: Pass
A28: E03-13 | E28: Tắt hẳn app, mở lại và mở file vừa tạo. | F28: Nội dung và định dạng y như lúc lưu. | H28: Fail | I28: Text (don xin nghi phep) format cân giữa qoay lại căn lền trái
A29: E04-01 | B29: E04. Làm báo cáo có bảng và ảnh | C29: Tôi muốn thêm 1 bảng số liệu và 1 ảnh chụp hiện trường vào báo cáo. | D29: Mở F01, bấm Edit. Có ảnh trong thư viện. | E29: Đặt con trỏ ở cuối tài liệu, sang tab Insert, bấm Table. | F29: Bàn phím ẩn, hiện bảng chọn kích thước. | H29: Pass
A30: E04-02 | E30: Chọn 3 hàng × 3 cột. | F30: Bảng 3×3 xuất hiện tại vị trí con trỏ. | H30: Fail | I30: Phải thêm bảng lần 2 tghì mới hiện 2 bảng, tư thêm 1 trang nmứi và bảng ở page 2
A31: E04-03 | E31: Chạm từng ô và gõ nội dung. | F31: Chữ vào đúng ô; ô tự cao lên khi gõ nhiều dòng. | H31: Pass
A32: E04-04 | E32: Đặt con trỏ ở hàng 2, sang tab Table, bấm thêm hàng phía dưới. | F32: Có thêm 1 hàng trống ngay dưới hàng 2. | G32: Cần xác nhận: tab Table có luôn hiện không, hay chỉ khi tài liệu đã có bảng lúc bấm Edit. | H32: Pass
A33: E04-05 | E33: Bấm thêm cột bên phải. | F33: Có thêm 1 cột trống bên phải ô đang đứng. | H33: Pass
A34: E04-06 | E34: Bấm xoá hàng, rồi xoá cột. | F34: Hàng và cột đang đứng bị xoá, phần còn lại không xô lệch. | H34: Pass
A35: E04-07 | E35: Đặt con trỏ dưới bảng, tab Insert → Picture, chọn 1 ảnh. | F35: Ảnh hiện trong tài liệu, không méo. | H35: Pass
A36: E04-08 | E36: Tab Insert → Camera, chụp 1 tấm, xác nhận. | F36: Ảnh vừa chụp được chèn vào tài liệu. | H36: Pass
A37: E04-09 | E37: Tab Insert → Camera rồi bấm quay lại không chụp. | F37: Trở về tài liệu, không có gì thay đổi. | H37: Fail | I37: attemp save: can not get object class | K37: Không bấm lưu dược, không xoá đựơcj ảnh đã then
A38: E04-10 | E38: Save → Save. Đóng và mở lại file. | F38: Bảng và 2 ảnh còn nguyên vị trí.
A39: E05-01 | B39: E05. Sửa một từ sai trong cả tài liệu | C39: Tôi gõ sai tên công ty ở nhiều chỗ và muốn sửa hết một lần. | D39: Mở F02 ở chế độ đọc; biết 1 từ xuất hiện nhiều lần. | E39: Bấm nút tìm kiếm (kính lúp) ở thanh trên. | F39: Thanh tìm kiếm hiện với ô Find và ô Replace; bàn phím bật. | H39: Pass
A40: E05-02 | E40: Gõ từ cần tìm, bấm tìm trên bàn phím. | F40: Kết quả đầu tiên được tô sáng và cuộn vào giữa màn hình; có bộ đếm kiểu "1/7". | H40: Pass
A41: E05-03 | E41: Bấm Next vài lần. | F41: Lần lượt nhảy tới các kết quả kế; bộ đếm tăng; hết thì quay lại đầu. | H41: Pass
A42: E05-04 | E42: Gõ "zzzxq" rồi tìm. | F42: Thông báo "No matches". | H42: Pass
A43: E05-05 | E43: Gõ lại từ cần tìm, gõ từ đúng vào ô Replace, bấm Replace. | F43: Chỉ kết quả đang tô được thay; nhảy sang kết quả kế tiếp. | H43: Pass
A44: E05-06 | E44: Bấm Replace all. | F44: Thông báo "Replaced N" với N là số chỗ đã thay; không còn từ sai trong tài liệu. | H44: Pass
A45: E05-07 | E45: Bấm nút đóng thanh tìm kiếm. | F45: Tài liệu ở chế độ sửa, góc trên ghi "Not saved" để tôi biết cần lưu. | H45: Pass
A46: E05-08 | E46: Bấm Save → Save. | F46: "Saved". | H46: Pass
A47: E05-09 | E47: Mở 1 file khác, bấm tìm kiếm, chỉ tìm rồi đóng (không thay). | F47: Quay về chế độ đọc bình thường, không bị hỏi lưu. | H47: Pass
A48: E06-01 | B48: E06. Sao chép, cắt dán và hoàn tác | C48: Tôi muốn chuyển 1 đoạn lên đầu tài liệu và sửa lại khi lỡ tay. | D48: Mở F01, bấm Edit. | E48: Đặt con trỏ trong 1 đoạn, tab Review → chọn cả đoạn. | F48: Cả đoạn được tô chọn. | H48: Pass
A49: E06-02 | E49: Bấm Cut. | F49: Đoạn biến mất khỏi vị trí cũ. | H49: Fail | I49: Bàn phím thì bị ẩn, khi chọn không có option vview vào là copyy , paste
A50: E06-03 | E50: Đặt con trỏ lên đầu tài liệu, bấm Paste. | F50: Đoạn xuất hiện ở đầu tài liệu. | H50: Fail
A51: E06-04 | E51: Chọn 1 từ, bấm Copy, đặt con trỏ chỗ khác, Paste 2 lần. | F51: Từ đó được dán 2 lần. | H51: Fail
A52: E06-05 | E52: Sang app Ghi chú copy 1 câu, quay lại, Paste. | F52: Câu từ app khác được dán vào. | H52: Fail
A53: E06-06 | E53: Bấm chọn tất cả rồi bấm Delete (nút đỏ). | F53: Toàn bộ nội dung bị xoá. | H53: Fail
A54: E06-07 | E54: Bấm Undo (mũi tên quay lại) ở thanh trên. | F54: Nội dung trở lại đầy đủ. | H54: Fail
A55: E06-08 | E55: Bấm Undo thêm nhiều lần đến khi nút mờ. | F55: Từng thao tác trước đó lần lượt được hoàn tác; hết thì nút mờ, bấm thêm không sao. | H55: Fail
A56: E06-09 | E56: Bấm Redo nhiều lần. | F56: Các thao tác được làm lại theo đúng thứ tự. | H56: Fail
A57: E07-01 | B57: E07. Định dạng chữ bằng bảng Format | C57: Tôi muốn tô màu, gạch chân, tạo danh sách cho đẹp. | D57: Mở F01, bấm Edit, chọn 1 đoạn chữ. | E57: Ở tab Home bấm nút Format (hình bảng màu). | F57: Bàn phím ẩn, bảng Format trượt lên từ dưới. | H57: Pass
A58: E07-02 | E58: Bấm lần lượt đậm, nghiêng, gạch chân, gạch ngang. | F58: Chữ đang chọn đổi ngay sau mỗi lần bấm; nút vừa bấm sáng lên. | H58: Pass
A59: E07-03 | E59: Bấm chỉ số trên, rồi chỉ số dưới. | F59: Chữ nhỏ lại và nhô lên / hạ xuống. | H59: Pass
A60: E07-04 | E60: Chạm 1 chấm màu ở hàng màu chữ. | F60: Chữ đổi sang màu đó. | H60: Pass
A61: E07-05 | E61: Chạm 1 chấm màu ở hàng tô nền (highlight). | F61: Chữ được tô nền như bút dạ quang. | H61: Pass
A62: E07-06 | E62: Chạm chấm trắng ở hàng tô nền. | F62: Nền tô biến mất. | H62: Pass
A63: E07-07 | E63: Bấm nút danh sách chấm, rồi danh sách số. | F63: Các đoạn đang chọn thành gạch đầu dòng, rồi thành 1. 2. 3. | H63: Pass
A64: E07-08 | E64: Bấm nút giãn dòng, chọn 1.5. | F64: Khoảng cách dòng rộng ra. | H64: Pass
A65: E07-09 | E65: Bấm X đóng bảng. | F65: Các thay đổi vẫn giữ trên tài liệu. | H65: Pass
A66: E08-01 | B66: E08. Thoát khi chưa lưu | C66: Tôi lỡ bấm quay lại khi đang sửa dở và muốn app hỏi lại tôi. | D66: Mở F01, bấm Edit, gõ thêm vài chữ, chưa lưu. | E66: Bấm nút quay lại ở thanh trên. | F66: Hộp thoại "Save changes before leaving?" với 3 lựa chọn: Save, Don’t save, Keep editing. | H66: Pass
A67: E08-02 | E67: Chọn Keep editing. | F67: Hộp thoại đóng, tôi vẫn đang sửa, chữ vừa gõ còn nguyên. | H67: Pass
A68: E08-03 | E68: Vuốt quay lại bằng cử chỉ hệ thống. | F68: Hộp thoại hiện lại y như trên. | H68: Pass
A69: E08-04 | E69: Chọn Don’t save. | F69: Tài liệu trở về chế độ đọc và hiển thị nội dung cũ, không có chữ vừa gõ. | H69: Pass
A70: E08-05 | E70: Bấm Edit, gõ lại vài chữ, bấm quay lại, chọn Save. | F70: Tài liệu về chế độ đọc, có chữ vừa gõ. | H70: Pass
A71: E08-06 | E71: Bấm Edit rồi bấm quay lại ngay, không sửa gì. | F71: Về chế độ đọc luôn, không hỏi. | H71: Pass
A72: E09-01 | B72: E09. App bị tắt khi đang sửa | C72: Điện thoại hết pin / tôi lỡ vuốt tắt app khi chưa lưu, tôi không muốn mất bài. | D72: Mở F01, bấm Edit, gõ 1 đoạn dễ nhận ra, chưa lưu. | E72: Bấm Home, mở danh sách ứng dụng gần đây, vuốt tắt app. | F72: App đóng. | H72: Pass
A73: E09-02 | E73: Mở lại app, mở F01. | F73: Hộp thoại "Restore unsaved changes?" nói rõ tên file và giờ đang sửa, có Restore và Discard. | H73: Pass
A74: E09-03 | E74: Chọn Restore. | F74: Tài liệu mở ở chế độ sửa, có đoạn tôi đã gõ, góc trên ghi "Not saved". | H74: Pass
A75: E09-04 | E75: Bấm Save → Save, tắt app, mở lại file. | F75: Mở bình thường, không hỏi khôi phục nữa, nội dung đã lưu. | H75: Pass
A76: E09-05 | E76: Lặp lại: sửa, tắt app, mở lại, lần này chọn Discard. | F76: Tài liệu mở với nội dung cũ; lần mở sau không hỏi lại. | H76: Pass
A77: E09-06 | E77: Lặp lại kịch bản với 1 file Excel và 1 file PowerPoint. | F77: Cũng được hỏi khôi phục và khôi phục đúng. | H77: Pass
A78: E10-01 | B78: E10. Chuyển Word sang PDF để gửi | C78: Tôi cần gửi bản PDF để người nhận không sửa được. | D78: Có F02. | E78: Mở F02, chờ tài liệu tải xong, bấm ⋮ → Convert to PDF. | F78: Có vòng chờ, sau đó chuyển sang màn đang xử lý rồi màn thành công. | H78: Pass
A79: E10-02 | E79: Ở màn thành công bấm mở file. | F79: File PDF mở trong trình đọc PDF, đủ số trang, hình thức giống bản Word. | H79: Pass
A80: E10-03 | E80: Thử nhấn giữ để chọn chữ trong PDF. | F80: Không chọn được chữ (mỗi trang là 1 ảnh). | G80: Giới hạn hiện tại của tính năng. | H80: Blocked | I80: Nếu text thì pdf phải nhận dược chữ
A81: E10-04 | E81: Quay lại, mở 1 file Word dài và bấm Convert to PDF ngay khi vừa mở. | F81: Hoặc ra PDF đủ trang, hoặc thông báo "The document is still loading. Try again in a moment."; bấm lại sau vài giây thì được. | H81: Pass
A82: E10-05 | E82: Vào tab Tools → Office to PDF, chọn 1 file Word. | F82: File tự mở, tự chuyển và ra màn thành công mà không cần bấm thêm. | H82: Pass
A83: E10-06 | E83: Ở màn thành công bấm quay lại. | F83: Không quay về màn tài liệu Word nữa. | H83: Fail | I83: Vẫn quay lại màn connvẻt success -> bac-> Worid
A84: E10-07 | E84: Mở 1 file Excel, bấm ⋮. | F84: Không có mục Convert to PDF. | G84: Giới hạn hiện tại: Excel chưa chuyển sang PDF được. | H84: Blocked | I84: Bổ xung tính nă g
A85: E11-01 | B85: E11. Xem bảng tính | C85: Tôi mở bảng lương công ty gửi để xem số liệu của mình. | D85: Có F04 (≥ 3 sheet, có công thức). | E85: Mở F04. | F85: Bảng tính hiện ra, nhãn "Sheet 1 / N". Có nút Edit; không có nút tìm kiếm. | H85: Pass
A86: E11-02 | E86: Vuốt ngang và dọc. | F86: Bảng cuộn mượt; chữ cái cột và số hàng luôn hiện. | H86: Pass
A87: E11-03 | E87: Chạm tên sheet khác ở dưới. | F87: Chuyển sang sheet đó, nhãn đổi "Sheet 2 / N". | H87: Pass
A88: E11-04 | E88: Bấm ⋮ → Go to sheet, nhập 1, Done. | F88: Về sheet 1. | H88: Pass
A89: E11-05 | E89: Xem các ô tổng cộng. | F89: Hiện con số kết quả, không hiện công thức. | H89: Pass
A90: E11-06 | E90: Phóng to bằng 2 ngón. | F90: Chữ số to và nét. | H90: Pass
A91: E12-01 | B91: E12. Lập bảng chi tiêu bằng Excel | C91: Tôi muốn ghi chi tiêu trong tháng và để app tự cộng tổng. | D91: Đã cấp quyền bộ nhớ. | E91: Tạo mới → chọn Excel → đặt tên "Chi tieu" → Create. | F91: Bảng tính trắng mở ở chế độ sửa: có ô nhập công thức phía trên thanh công cụ, nhãn ô đang chọn (A1). | H91: Pass
A92: E12-02 | E92: Chạm ô A1, chạm ô nhập, gõ "Khoản", bấm ✓. | F92: Ô A1 hiện "Khoản"; bàn phím ẩn; góc trên "Not saved". | H92: Pass
A93: E12-03 | E93: Nhập B1 = "Số tiền"; A2..A4 = Ăn uống, Xăng xe, Điện nước; B2..B4 = 1500000, 300000, 450000 (bấm Done trên bàn phím để xác nhận). | F93: Mỗi ô nhận đúng giá trị; nhãn ô đổi theo ô đang chọn. | H93: Pass
A94: E12-04 | E94: Chọn B5, gõ =SUM(B2:B4), ✓. | F94: B5 hiện 2250000. | H94: Pass
A95: E12-05 | E95: Chọn B2, sửa thành 2000000, ✓. | F95: B5 tự đổi thành 2750000. | H95: Pass
A96: E12-06 | E96: Chạm lại B5. | F96: Ô nhập hiện công thức =SUM(B2:B4). | H96: Pass
A97: E12-07 | E97: Kéo chọn A1 đến B1, bấm B ở tab Home. | F97: Hàng tiêu đề đậm; nhãn ô hiện "A1:B1". | H97: Pass
A98: E12-08 | E98: Vẫn chọn A1:B1, bấm nút Cell format, chọn 1 màu nền, căn giữa, bấm "Apply to A1:B1". | F98: Tiêu đề có nền màu và nằm giữa ô. | H98: Pass
A99: E12-09 | E99: Mở lại Cell format, chọn màu khác rồi bấm X. | F99: Không có gì thay đổi (chỉ đổi khi bấm Apply). | H99: Pass
A100: E12-10 | E100: Chọn A1:B5, tab Cells → Borders, chọn kẻ tất cả. | F100: Bảng có đường kẻ. | H100: Pass
...

Sheet Office_Chung
A1: ID | B1: Nhóm | C1: Tên test case | D1: Loại | E1: Ưu tiên | F1: Tiền điều kiện | G1: Các bước | H1: Kết quả mong đợi | I1: Ghi chú (từ phân tích code) | J1: Kết quả | K1: Thực tế / ghi chú của tester | L1: Thiết bị / bản build
A2: GEN-001 | B2: Mở file | C2: Mở file .docx từ tab Files | D2: Chức năng | E2: Cao | F2: Đã cấp quyền bộ nhớ; có F01 | G2: 1. Vào tab Files 2. Chạm file F01 | H2: Mở ở chế độ xem. Thanh trên: nút Back, icon Word, tên file, nút tìm kiếm, Share, More (⋮). Có nút Edit nổi. Nhãn "Page 1 / N". Không có màn xám. | J2: Pass
A3: GEN-002 | B3: Mở file | C3: Mở file .xlsx | D3: Chức năng | E3: Cao | F3: Có F04 | G3: 1. Chạm file F04 trong Files | H3: Mở ở chế độ xem. Nhãn "Sheet 1 / N". KHÔNG có nút tìm kiếm. Có nút Edit. | I3: Nút tìm kiếm chỉ có với Word sửa được. | J3: Pass
A4: GEN-003 | B4: Mở file | C4: Mở file .pptx | D4: Chức năng | E4: Cao | F4: Có F07 | G4: 1. Chạm file F07 trong Files | H4: Mở ở chế độ xem. Nhãn "Slide 1 / N". Có nút Play (trình chiếu) và nút Edit. | J4: Pass
A5: GEN-004 | B5: Mở file | C5: Mở file định dạng cũ .doc / .xls / .ppt | D5: Chức năng | E5: Cao | F5: Có F03, F06, F09 | G5: 1. Lần lượt mở F03, F06, F09 | H5: Có banner "Old .doc files are view-only." (đúng đuôi từng file). KHÔNG có nút Edit, KHÔNG có nút tìm kiếm. Nội dung hiển thị bình thường. | I5: SDK không chuyển đổi được định dạng cũ. | J5: Pass
A6: GEN-005 | B6: Mở file | C6: Mở file .xlsm | D6: Chức năng | E6: TB | F6: Có F05 | G6: 1. Mở F05 2. Bấm Edit | H6: Mở được, vào được chế độ sửa như .xlsx. | J6: Pass
A7: GEN-006 | B7: Mở file | C7: Mở từ màn Search | D7: Chức năng | E7: TB | F7: Có F01 | G7: 1. Bấm Search ở Files 2. Gõ tên F01 3. Chạm kết quả | H7: Mở đúng file; Back quay lại màn Search với từ khoá còn nguyên. | J7: Pass
A8: GEN-007 | B8: Mở file | C8: Mở bằng "Open a file" khi chưa cấp quyền bộ nhớ | D8: Chức năng | E8: Cao | F8: Chưa cấp quyền bộ nhớ | G8: 1. Ở tab Files bấm "Open a file" 2. Chọn 1 file .docx trong trình chọn hệ thống 3. Mở menu More (⋮) | H8: File mở được (bản sao trong app). Menu More KHÔNG có Favorite / File info / Delete; vẫn có Go to, Convert to PDF, Open with. | I8: Favorite/Info/Delete chỉ hiện khi file nằm trong thư viện đã quét. | J8: Pass
A9: GEN-008 | B9: Mở file | C9: Mở từ app khác (ACTION_VIEW) | D9: Chức năng | E9: Cao | F9: Có file Office trong trình quản lý file / Zalo / Gmail | G9: 1. Ở app khác chạm file .docx/.xlsx/.pptx 2. Chọn mở bằng app này 3. Bấm Back | H9: App mở thẳng vào màn đọc (không qua Main). Back quay về app đã gọi. | J9: Pass
A10: GEN-009 | B10: Mở file | C10: Mở từ app khác khi chưa qua first-run | D10: Biên | E10: TB | F10: Cài mới, chưa mở app lần nào | G10: 1. Từ trình quản lý file mở 1 file .pptx bằng app | H10: App đi qua các màn first-run rồi mở đúng file đã chọn; không crash, không mất file. | I10: PendingLaunch giữ file trong lúc chạy first-run. | J10: Pass
A11: GEN-010 | B11: Mở file | C11: File vừa mở xuất hiện trong Recent | D11: Chức năng | E11: TB | G11: 1. Mở F01 rồi Back 2. Xem tab/bộ lọc Recent | H11: F01 nằm đầu danh sách Recent. | J11: Fail | K11: Chưa có recnt view cho tài liêuh
A12: GEN-011 | B12: Mở file | C12: Mở từ màn Success (kết quả tool) | D12: Chức năng | E12: Thấp | F12: Vừa tạo file bằng 1 tool cho ra file Office (nếu có) | G12: 1. Ở màn Success bấm Open | H12: File Office mở trong màn Office; PDF mở trong màn PDF. | J12: Pass
A13: GEN-012 | B13: Lỗi khi mở | C13: File hỏng | D13: Chức năng | E13: Cao | F13: Có F12 (file .txt đổi đuôi thành .docx) | G13: 1. Mở F12 | H13: Dialog "Can’t open file" + "This file is damaged or is not a valid document." Bấm "Got it" → màn đóng. Không crash. | J13: Pass
A14: GEN-013 | B14: Lỗi khi mở | C14: File 0 byte | D14: Biên | E14: TB | F14: Có F13 | G14: 1. Mở F13 | H14: Hiện dialog "Can’t open file" (nội dung lỗi hỏng hoặc lỗi chung), đóng dialog thì màn đóng. Không crash, không treo loading. | J14: Pass
A15: GEN-014 | B15: Lỗi khi mở | C15: File đã bị xoá bên ngoài | D15: Biên | E15: TB | F15: Mở app, để ở danh sách Files | G15: 1. Dùng app khác xoá file F02 2. Quay lại app (không refresh), chạm F02 | H15: Dialog "Can’t open file" + "This file cannot be found or read. Check that it is still available." Màn đóng sau khi bấm Got it. | J15: Pass
A16: GEN-015 | B16: Lỗi khi mở | C16: File rất lớn | D16: Biên | E16: TB | F16: Có F14 (> 20 MB) | G16: 1. Mở F14 2. Chờ tới khi xong | H16: Mở được, hoặc dialog "There is not enough memory to open this document." Không crash, không ANR. | J16: Pass
A17: GEN-016 | B17: Lỗi khi mở | C17: Back khi đang loading | D17: Biên | E17: TB | F17: Có F02 (dài) | G17: 1. Mở F02 2. Bấm Back ngay khi vòng loading còn quay | H17: Thoát về danh sách ngay, không crash, không toast/dialog lỗi hiện muộn. | J17: Pass
A18: GEN-017 | B18: Lỗi khi mở | C18: Mở liên tiếp nhiều file | D18: Biên | E18: Thấp | G18: 1. Mở/đóng lần lượt 10 file Word, Excel, PowerPoint | H18: Không crash, không chậm dần, mỗi file hiện đúng nội dung của nó. | J18: Pass
A19: GEN-018 | B19: Mật khẩu | C19: File có mật khẩu → hỏi mật khẩu | D19: Chức năng | E19: Cao | F19: Có F10/F11 (đặt mật khẩu bằng MS Office) | G19: 1. Mở F10 | H19: Hiện dialog nhập mật khẩu, chưa hiện nội dung. | J19: Pass
A20: GEN-019 | B20: Mật khẩu | C20: Nhập sai mật khẩu | D20: Chức năng | E20: Cao | F20: Như trên | G20: 1. Nhập mật khẩu sai 2. Xác nhận | H20: Dialog hiện lại kèm báo mật khẩu sai; không crash; không đóng màn. | J20: Pass
A21: GEN-020 | B21: Mật khẩu | C21: Nhập đúng mật khẩu | D21: Chức năng | E21: Cao | F21: Như trên | G21: 1. Nhập mật khẩu đúng | H21: Tài liệu mở bình thường. | J21: Pass
A22: GEN-021 | B22: Mật khẩu | C22: Huỷ dialog mật khẩu | D22: Chức năng | E22: TB | F22: Như trên | G22: 1. Bấm Cancel hoặc Back ở dialog | H22: Màn Office đóng, quay về danh sách. | J22: Pass
A23: GEN-022 | B23: Mật khẩu | C23: Sửa và lưu file có mật khẩu | D23: Cần xác nhận | E23: TB | F23: Đã mở F10 bằng mật khẩu đúng | G23: 1. Bấm Edit (nếu có) 2. Sửa 1 chữ, Save 3. Đóng, mở lại file | H23: Ghi lại hành vi thực tế: có cho sửa không; sau khi lưu file còn hỏi mật khẩu không; nội dung còn đúng không. Không được hỏng file. | I23: Chưa xác định được từ code SDK có giữ mã hoá khi lưu hay không. | J23: Pass
A24: GEN-023 | B24: Menu More | C24: Các mục theo loại tài liệu | D24: Chức năng | E24: Cao | F24: Mở lần lượt F02, F04, F07 (đều trong thư viện) | G24: 1. Bấm More (⋮) ở mỗi file | H24: Word: Go to page, Convert to PDF, Open with, Favorite, File info, Delete. Excel: Go to sheet (khi > 1 sheet), Open with, Favorite, File info, Delete — KHÔNG có Convert to PDF. PowerPoint: Slideshow, Go to slide, Convert to PDF, Open with, Favorite, File info, Delete. | I24: Go to chỉ hiện khi tài liệu có > 1 trang/sheet/slide. | J24: Fail | K24: Không có tính năng go to page
A25: GEN-024 | B25: Menu More | C25: Go to — số hợp lệ | D25: Chức năng | E25: Cao | F25: Mở F02 | G25: 1. More → Go to page 2. Nhập 5 3. Done | H25: Nhảy tới trang 5, nhãn "Page 5 / N". Ô nhập mở ra có sẵn số trang hiện tại. | J25: Fail | K25: Không có tính năng go to page
A26: GEN-025 | B26: Menu More | C26: Go to — giá trị không hợp lệ | D26: Biên | E26: TB | F26: Mở F02 (N trang) | G26: 1. Go to page, lần lượt nhập: 0, N+1, -1, abc, để trống, 99999999999 | H26: Mỗi lần đều toast "Enter a number from 1 to N"; vị trí trang không đổi; không crash. | J26: Fail | K26: Không có tính năng go to page
A27: GEN-026 | B27: Menu More | C27: Go to — trang đầu và trang cuối | D27: Biên | E27: TB | F27: Mở F07 | G27: 1. Go to slide 1 2. Go to slide N | H27: Tới đúng slide đầu/cuối, nhãn đúng. | J27: Fail | K27: Không có tính năng go to page
A28: GEN-027 | B28: Menu More | C28: Favorite | D28: Chức năng | E28: TB | F28: Mở F01 | G28: 1. More → Favorite 2. Back, xem danh sách Favorite 3. Mở lại, More → bỏ Favorite | H28: File xuất hiện / biến mất khỏi Favorite tương ứng; nhãn mục trong menu đổi theo trạng thái. | J28: Pass
A29: GEN-028 | B29: Menu More | C29: File info | D29: Chức năng | E29: Thấp | F29: Mở F01 | G29: 1. More → File info | H29: Sheet thông tin: tên, đường dẫn, dung lượng, ngày sửa… đúng với file. | J29: Pass
A30: GEN-029 | B30: Menu More | C30: Delete — xác nhận | D30: Chức năng | E30: Cao | F30: Mở 1 file bỏ đi được | G30: 1. More → Delete 2. Xác nhận | H30: Màn đóng, file không còn trong danh sách và không còn trong bộ nhớ máy. | J30: Pass
A31: GEN-030 | B31: Menu More | C31: Delete — huỷ | D31: Chức năng | E31: TB | G31: 1. More → Delete 2. Bấm huỷ | H31: File còn nguyên, vẫn ở màn đọc. | J31: Pass
A32: GEN-031 | B32: Menu More | C32: Open with | D32: Chức năng | E32: Thấp | G32: 1. More → Open with | H32: Hiện chooser của hệ thống. Nếu máy không có app nào mở được: toast "No app found to open this file". | J32: Pass
A33: GEN-032 | B33: Menu More | C33: Share ở chế độ xem | D33: Chức năng | E33: TB | G33: 1. Bấm nút Share ở thanh trên 2. Chọn 1 app (vd Gmail) | H33: Share sheet hệ thống hiện; app nhận được đúng file. | J33: Pass
A34: GEN-033 | B34: Convert to PDF | C34: Word → PDF | D34: Chức năng | E34: Cao | F34: Mở F02, chờ tải xong | G34: 1. More → Convert to PDF 2. Chờ 3. Mở file kết quả | H34: Chạy màn Processing → Success. PDF có đủ số trang như bản Word. Chữ trong PDF là ảnh (không chọn được). | I34: Mỗi trang được vẽ thành ảnh rồi ghép PDF. | J34: Pass
A35: GEN-034 | B35: Convert to PDF | C35: PowerPoint → PDF | D35: Chức năng | E35: Cao | F35: Mở F07 | G35: 1. More → Convert to PDF 2. Mở file kết quả | H35: PDF có số trang = số slide, đúng thứ tự. | J35: Fail | K35: Không có tính năng convert psdf
A36: GEN-035 | B36: Convert to PDF | C36: Convert khi tài liệu chưa dàn trang xong | D36: Biên | E36: TB | F36: Có F02 (≥ 20 trang) | G36: 1. Mở F02 2. Ngay lập tức More → Convert to PDF | H36: Hoặc convert thành công đủ trang, hoặc toast "The document is still loading. Try again in a moment."; thử lại sau vài giây thì thành công. Không ra PDF thiếu trang. | J36: Pass
A37: GEN-036 | B37: Convert to PDF | C37: Bấm Convert nhiều lần liên tiếp | D37: Biên | E37: Thấp | F37: Mở F02 | G37: 1. More → Convert to PDF, mở lại menu và bấm tiếp trong lúc đang chạy | H37: Chỉ chạy 1 lần convert, chỉ ra 1 file kết quả. | J37: Pass
A38: GEN-037 | B38: Convert to PDF | C38: Tool "Office to PDF" từ tab Tools | D38: Chức năng | E38: Cao | G38: 1. Tab Tools → Office to PDF 2. Chọn F01 3. Chờ | H38: File mở rồi tự convert → Success. Back từ Success KHÔNG quay lại màn Office. | J38: Pass
A39: GEN-038 | B39: Convert to PDF | C39: Tool "Office to PDF" với file Excel | D39: Cần xác nhận | E39: TB | G39: 1. Tab Tools → Office to PDF 2. Thử chọn F04 (nếu trình chọn cho phép) | H39: Nếu chọn được: toast "This file can’t be converted to PDF yet", không crash, không kẹt ở màn Office. Ghi lại hành vi thực tế. | I39: Excel không vẽ được thành ảnh trang; chưa rõ PickFile có lọc bỏ Excel không. | J39: Blocked | K39: Butg -> bấm mở -> file ngắn -> action quá nhanh
A40: GEN-039 | B40: Tạo tài liệu mới | C40: Giá trị mặc định | D40: Chức năng | E40: TB | G40: 1. Mở màn New document | H40: Tên mặc định "Untitled-<Tháng>-<ngày>" (vd Untitled-Oct-12), con trỏ ở cuối tên; loại Word được chọn; đuôi ".docx"; có dòng Save to hiển thị thư mục lưu. | J40: Pass
A41: GEN-040 | B41: Tạo tài liệu mới | C41: Đổi loại tài liệu | D41: Chức năng | E41: TB | G41: 1. Chạm thẻ Excel 2. Chạm thẻ PowerPoint 3. Chạm thẻ Word | H41: Thẻ được chọn có viền đậm; đuôi đổi .xlsx / .pptx / .docx; ảnh và tiêu đề xem trước đổi theo (Blank spreadsheet / presentation / document). | J41: Pass
A42: GEN-041 | B42: Tạo tài liệu mới | C42: Tạo Word | D42: Chức năng | E42: Cao | G42: 1. Chọn Word, bấm Create | H42: File .docx được tạo; mở thẳng ở chế độ sửa (có ribbon, trạng thái Saved). Màn New document đóng. | J42: Pass
A43: GEN-042 | B43: Tạo tài liệu mới | C43: Tạo Excel | D43: Chức năng | E43: Cao | G43: 1. Chọn Excel, bấm Create | H43: File .xlsx mở ở chế độ sửa, có ô công thức. | J43: Pass
A44: GEN-043 | B44: Tạo tài liệu mới | C44: Tạo PowerPoint | D44: Chức năng | E44: Cao | G44: 1. Chọn PowerPoint, bấm Create | H44: File .pptx mở ở chế độ sửa, có dải slide với 1 slide. | J44: Pass
A45: GEN-044 | B45: Tạo tài liệu mới | C45: Tên rỗng | D45: Biên | E45: TB | G45: 1. Xoá hết tên (hoặc chỉ để dấu cách) 2. Create | H45: Toast "Please enter a file name"; không tạo file. | J45: Pass
A46: GEN-045 | B46: Tạo tài liệu mới | C46: Tên chứa ký tự / | D46: Biên | E46: TB | G46: 1. Đặt tên "a/b" 2. Create | H46: Toast "File name contains invalid characters"; không tạo file. | J46: Pass
A47: GEN-046 | B47: Tạo tài liệu mới | C47: Tên trùng | D47: Biên | E47: TB | F47: Đã có file cùng tên và cùng loại | G47: 1. Đặt tên trùng 2. Create | H47: Toast "A file with this name already exists"; file cũ không bị ghi đè. | J47: Pass
A48: GEN-047 | B48: Tạo tài liệu mới | C48: Tên đặc biệt | D48: Biên | E48: Thấp | G48: 1. Thử tên tiếng Việt có dấu, emoji, tên 200 ký tự, tên có ký tự : * ? " < > | | H48: Tạo được, hoặc toast lỗi lưu trữ. Không crash; không tạo file rác 0 byte. | I48: Code chỉ chặn tên rỗng, ký tự / và tên trùng. | J48: Pass
A49: GEN-048 | B49: Tạo tài liệu mới | C49: File mới có trong danh sách | D49: Chức năng | E49: TB | F49: Vừa tạo file | G49: 1. Back về tab Files | H49: File mới xuất hiện trong danh sách (không cần kéo refresh). | J49: Pass
A50: GEN-049 | B50: Tạo tài liệu mới | C50: Shortcut "New document" ở launcher | D50: Chức năng | E50: Thấp | G50: 1. Nhấn giữ icon app 2. Chọn New document | H50: Mở màn New document. | J50: Pass
A51: GEN-050 | B51: Tạo tài liệu mới | C51: Bấm Create nhiều lần nhanh | D51: Biên | E51: Thấp | G51: 1. Bấm Create liên tục | H51: Chỉ tạo 1 file, chỉ mở 1 màn Office. | J51: Pass
A52: GEN-051 | B52: Chế độ sửa | C52: Vào chế độ sửa | D52: Chức năng | E52: Cao | F52: Mở F01 | G52: 1. Bấm Edit | H52: Thanh sửa hiện: Back, tên file, trạng thái "Saved" (màu xanh), Undo, Redo (mờ), Save. Ribbon với các tab hiện ở dưới. Nút Edit nổi biến mất. | J52: Pass
A53: GEN-052 | B53: Chế độ sửa | C53: Trạng thái Not saved | D53: Chức năng | E53: Cao | F53: Đang ở chế độ sửa | G53: 1. Gõ thêm 1 ký tự | H53: Trạng thái đổi thành "Not saved"; nút Undo sáng. | J53: Pass
A54: GEN-053 | B54: Chế độ sửa | C54: Undo / Redo | D54: Chức năng | E54: Cao | F54: Đã sửa 3 thao tác | G54: 1. Bấm Undo 3 lần 2. Bấm Redo 3 lần 3. Bấm Undo/Redo thêm khi đã hết | H54: Nội dung lùi/tiến đúng từng bước. Nút mờ khi hết; bấm thêm không crash. | J54: Fail | K54: Action nhận bị chậm, ui núit không cập nhât
A55: GEN-054 | B55: Chế độ sửa | C55: Sheet Save — các mục | D55: Chức năng | E55: TB | F55: Đang sửa | G55: 1. Bấm Save ở thanh sửa | H55: Sheet có tên file và các mục: Save, Save a copy, Export PDF (nếu loại tài liệu hỗ trợ), Share. | I55: Save a copy / Export PDF chỉ hiện khi SDK có lệnh đó. | J55: Pass
A56: GEN-055 | B56: Chế độ sửa | C56: Save | D56: Chức năng | E56: Cao | F56: Có thay đổi chưa lưu | G56: 1. Save → Save 2. Thoát hẳn app (kill) 3. Mở lại file | H56: Toast "Saved", trạng thái "Saved". Mở lại thấy đúng nội dung đã sửa; không hỏi khôi phục bản nháp. | J56: Pass
A57: GEN-056 | B57: Chế độ sửa | C57: Save khi không có thay đổi | D57: Biên | E57: Thấp | F57: Vừa vào sửa, chưa đổi gì | G57: 1. Save → Save | H57: Toast "Saved"; file không bị đổi ngày sửa (nếu kiểm tra được). | J57: Pass
A58: GEN-057 | B58: Chế độ sửa | C58: Save a copy | D58: Chức năng | E58: TB | F58: Có thay đổi | G58: 1. Save → Save a copy 2. Làm theo hộp thoại của SDK | H58: Tạo 1 file bản sao có thay đổi. Kiểm tra bản gốc: ghi lại bản gốc có bị đổi hay không. | I58: Hộp thoại do SDK hiển thị. | J58: Pass
A59: GEN-058 | B59: Chế độ sửa | C59: Export PDF từ sheet Save | D59: Chức năng | E59: TB | F59: Tài liệu có mục Export PDF | G59: 1. Save → Export PDF 2. Chọn nơi lưu | H59: Tạo được file PDF mở được, nội dung khớp. | J59: Pass
A60: GEN-059 | B60: Chế độ sửa | C60: Share khi có thay đổi chưa lưu | D60: Chức năng | E60: TB | F60: Có thay đổi chưa lưu | G60: 1. Save → Share 2. Gửi cho chính mình, mở file nhận được | H60: App tự lưu trước rồi mở share sheet; file nhận được có thay đổi mới nhất. | I60: Nếu lưu thất bại thì không share. | J60: Pass
A61: GEN-060 | B61: Chế độ sửa | C61: Thoát khi có thay đổi → hỏi lưu | D61: Chức năng | E61: Cao | F61: Có thay đổi chưa lưu | G61: 1. Bấm Back ở thanh sửa | H61: Dialog "Save changes before leaving?" + "Your changes to <tên file> aren’t saved to the original file." với 3 nút: Save, Don’t save, Keep editing. | J61: Pass
A62: GEN-061 | B62: Chế độ sửa | C62: Hỏi lưu → Save | D62: Chức năng | E62: Cao | F62: Đang ở dialog trên | G62: 1. Bấm Save | H62: Lưu, về chế độ xem, nội dung mới còn nguyên. | J62: Pass
A63: GEN-062 | B63: Chế độ sửa | C63: Hỏi lưu → Don’t save | D63: Chức năng | E63: Cao | F63: Đang ở dialog trên | G63: 1. Bấm Don’t save 2. Mở lại file sau đó | H63: Về chế độ xem; tài liệu tải lại và hiện nội dung GỐC. Lần mở sau không hỏi khôi phục bản nháp. | I63: Bản nháp bị xoá khi chọn Don’t save. | J63: Pass
A64: GEN-063 | B64: Chế độ sửa | C64: Hỏi lưu → Keep editing | D64: Chức năng | E64: TB | F64: Đang ở dialog trên | G64: 1. Bấm Keep editing | H64: Dialog đóng, vẫn ở chế độ sửa, thay đổi còn nguyên. | J64: Pass
A65: GEN-064 | B65: Chế độ sửa | C65: Thoát khi không có thay đổi | D65: Chức năng | E65: TB | F65: Vào sửa, không đổi gì | G65: 1. Bấm Back | H65: Về chế độ xem ngay, không hỏi. | J65: Pass
A66: GEN-065 | B66: Chế độ sửa | C66: Back hệ thống ở chế độ sửa | D66: Chức năng | E66: TB | F66: Có thay đổi | G66: 1. Vuốt/bấm Back hệ thống | H66: Hành vi giống nút Back trên thanh sửa (hỏi lưu). | J66: Pass
A67: GEN-066 | B67: Chế độ sửa | C67: Lưu khi hết bộ nhớ | D67: Biên | E67: Thấp | F67: Bộ nhớ máy gần đầy | G67: 1. Sửa, Save | H67: Toast "Couldn’t save the file"; vẫn ở chế độ sửa, thay đổi không mất; file gốc không hỏng. | J67: Pass
A68: GEN-067 | B68: Chế độ sửa | C68: Ribbon nằm trên bàn phím | D68: Chức năng | E68: Cao | F68: Đang sửa Word/Excel | G68: 1. Chạm để hiện bàn phím 2. Đổi sang bàn phím cao hơn (emoji) rồi về | H68: Ribbon luôn nằm sát trên bàn phím, không bị che, không hở khoảng trống. Tắt bàn phím thì ribbon về đáy. | J68: Pass
A69: GEN-068 | B69: Chế độ sửa | C69: Chạm vào trang không tắt bàn phím | D69: Chức năng | E69: TB | F69: Đang gõ trong Word | G69: 1. Chạm sang vị trí khác trong trang | H69: Con trỏ chuyển tới vị trí mới, bàn phím vẫn mở. | J69: Pass
A70: GEN-069 | B70: Bản nháp | C70: Khôi phục bản nháp sau khi app bị tắt | D70: Chức năng | E70: Cao | F70: Mở F01, sửa, KHÔNG lưu | G70: 1. Bấm Home 2. Vuốt tắt app khỏi Recent 3. Mở lại app, mở F01 | H70: Dialog "Restore unsaved changes?" + "The app closed while you were editing <tên> at <giờ>. Continue where you left off?" với Restore / Discard. | I70: Bản nháp được ghi khi app xuống nền (onStop). | J70: Pass
A71: GEN-070 | B71: Bản nháp | C71: Restore | D71: Chức năng | E71: Cao | F71: Đang ở dialog trên | G71: 1. Bấm Restore | H71: Tài liệu tải lại, vào thẳng chế độ sửa, có đủ thay đổi trước khi tắt, trạng thái "Not saved". | J71: Pass
A72: GEN-071 | B72: Bản nháp | C72: Discard | D72: Chức năng | E72: TB | F72: Lặp lại bước tạo nháp | G72: 1. Bấm Discard 2. Đóng và mở lại file | H72: Mở nội dung gốc ở chế độ xem. Lần mở sau không hỏi nữa. | J72: Pass
A73: GEN-072 | B73: Bản nháp | C73: Đã lưu thì không còn nháp | D73: Chức năng | E73: TB | G73: 1. Sửa, Save 2. Tắt app khỏi Recent 3. Mở lại file | H73: Không hiện dialog khôi phục. | J73: Pass
A74: GEN-073 | B74: Bản nháp | C74: Bỏ qua dialog nháp bằng Back | D74: Biên | E74: Thấp | F74: Đang ở dialog khôi phục | G74: 1. Bấm Back / chạm ngoài dialog 2. Đóng, mở lại file | H74: Tài liệu mở ở chế độ xem; ghi lại lần mở sau có hỏi lại hay không. | J74: Pass
A75: GEN-074 | B75: Bản nháp | C75: Nháp của cả 3 loại | D75: Chức năng | E75: TB | G75: 1. Lặp lại ca khôi phục với F04 và F07 | H75: Khôi phục đúng cho Excel và PowerPoint (kể cả slide mới thêm). | J75: Pass
A76: GEN-075 | B76: Giao diện | C76: Dark theme | D76: Chức năng | E76: TB | F76: Settings → Theme → Dark | G76: 1. Mở Word/Excel/PowerPoint 2. Vào sửa, mở các sheet, dialog | H76: Thanh trên, ribbon, sheet, dialog đều theo màu tối; chữ đọc được; không có mảng trắng lạc. | J76: Pass
A77: GEN-076 | B77: Giao diện | C77: Đổi ngôn ngữ | D77: Chức năng | E77: Thấp | F77: Đổi ngôn ngữ app sang ngôn ngữ khác | G77: 1. Mở màn Office, vào sửa | H77: Nhãn của app đổi theo ngôn ngữ. Ghi lại các chuỗi còn tiếng Anh (nhãn lệnh của SDK). | J77: Pass
A78: GEN-077 | B78: Giao diện | C78: Tên file rất dài | D78: Biên | E78: Thấp | F78: Có F15 | G78: 1. Mở F15, vào sửa | H78: Tên bị cắt bằng dấu …, không đè lên các nút. | J78: Pass
A79: GEN-078 | B79: Vòng đời | C79: Chuyển app rồi quay lại khi đang sửa | D79: Chức năng | E79: Cao | F79: Có thay đổi chưa lưu | G79: 1. Bấm Home 2. Mở app khác 1 phút 3. Quay lại | H79: Vẫn ở chế độ sửa, nội dung và vị trí cuộn còn nguyên. | J79: Pass
A80: GEN-079 | B80: Vòng đời | C80: Xoay máy | D80: Biên | E80: TB | F80: Bật tự xoay | G80: 1. Xoay ngang máy ở chế độ xem và chế độ sửa | H80: Màn hình giữ dọc; không mất dữ liệu, không tải lại tài liệu. | I80: Màn bị khoá dọc, chỉ trình chiếu mới ngang. | J80: Pass
A81: GEN-080 | B81: Vòng đời | C81: Chia đôi màn hình / cửa sổ nhỏ | D81: Biên | E81: Thấp | F81: Máy hỗ trợ split-screen | G81: 1. Đưa app vào split-screen khi đang sửa | H81: Không crash; ribbon và tài liệu vẫn dùng được. | J81: Pass
A82: GEN-081 | B82: Vòng đời | C82: Cuộc gọi đến khi đang gõ | D82: Biên | E82: Thấp | G82: 1. Đang gõ, nhận cuộc gọi, kết thúc | H82: Quay lại vẫn ở chế độ sửa, thay đổi còn. | J82: Pass
A83: GEN-082 | B83: Xem | C83: Cuộn và zoom | D83: Chức năng | E83: TB | F83: Mở F02 | G83: 1. Cuộn nhanh tới cuối 2. Chụm/giãn 2 ngón 3. Chạm đúp | H83: Cuộn mượt, nhãn trang cập nhật; zoom nét dần; không trắng trang kéo dài. | J83: Pass

Sheet Office_Word
A1: ID | B1: Nhóm | C1: Tên test case | D1: Loại | E1: Ưu tiên | F1: Tiền điều kiện | G1: Các bước | H1: Kết quả mong đợi | I1: Ghi chú (từ phân tích code) | J1: Kết quả | K1: Thực tế / ghi chú của tester | L1: Thiết bị / bản build
A2: WD-001 | B2: Xem | C2: Trang hiển thị ngay, không màn xám | D2: Chức năng | E2: Cao | F2: Có F01, F02 | G2: 1. Mở từng file | H2: Trang giấy trắng hiện trên nền xám nhạt ngay sau khi tải; không bị màn xám trống. | I2: App có workaround cho lỗi SDK không vẽ trang Word.
A3: WD-002 | B3: Xem | C3: Nhãn trang khi cuộn | D3: Chức năng | E3: TB | F3: Mở F02 | G3: 1. Cuộn từ đầu đến cuối | H3: Nhãn "Page x / N" tăng dần đúng; N ổn định sau khi dàn trang xong. | I3: Số trang có thể tăng dần trong lúc SDK dàn trang.
A4: WD-003 | B4: Tìm kiếm | C4: Mở tìm kiếm từ chế độ xem | D4: Chức năng | E4: Cao | F4: Mở F02 ở chế độ xem | G4: 1. Bấm nút tìm kiếm | H4: Thanh Find hiện với ô Find, ô Replace, nút Next, Replace, Replace all, Close; bàn phím bật, con trỏ ở ô Find. | I4: Tìm kiếm chạy trên trình sửa: app tạm vào chế độ sửa.
A5: WD-004 | B5: Tìm kiếm | C5: Tìm thấy | D5: Chức năng | E5: Cao | F5: Thanh Find đang mở | G5: 1. Gõ 1 từ có trong tài liệu 2. Bấm Next / phím Search 3. Bấm Next nhiều lần | H5: Kết quả được tô và cuộn tới; bộ đếm dạng "1/5", "2/5"… quay vòng khi hết. Bàn phím ẩn sau khi tìm.
A6: WD-005 | B6: Tìm kiếm | C6: Không tìm thấy | D6: Chức năng | E6: TB | G6: 1. Gõ "zzzxqq" 2. Next | H6: Toast "No matches"; bộ đếm trống.
A7: WD-006 | B7: Tìm kiếm | C7: Ô Find rỗng | D7: Biên | E7: Thấp | G7: 1. Để trống, bấm Next, Replace, Replace all | H7: Không có gì xảy ra, không crash.
A8: WD-007 | B8: Tìm kiếm | C8: Replace từng cái | D8: Chức năng | E8: Cao | G8: 1. Find = từ A, Replace = từ B 2. Bấm Replace 2 lần | H8: Mỗi lần thay 1 kết quả và nhảy tới kết quả kế; bộ đếm giảm đúng.
A9: WD-008 | B9: Tìm kiếm | C9: Replace all | D9: Chức năng | E9: Cao | G9: 1. Find = từ A (xuất hiện k lần), Replace = từ B 2. Replace all | H9: Toast "Replaced k"; toàn bộ A thành B; bộ đếm xoá.
A10: WD-009 | B10: Tìm kiếm | C10: Replace bằng chuỗi rỗng | D10: Biên | E10: TB | G10: 1. Find = từ A, Replace để trống 2. Replace all | H10: A bị xoá khỏi tài liệu; toast đúng số lượng.
A11: WD-010 | B11: Tìm kiếm | C11: Tìm có dấu / hoa thường / ký tự đặc biệt | D11: Biên | E11: TB | F11: Tài liệu có chữ tiếng Việt | G11: 1. Tìm "việt", "VIỆT", "viet", "(a+b)", "100%" | H11: Không crash. Ghi lại: có phân biệt hoa/thường, có phân biệt dấu không.
A12: WD-011 | B12: Tìm kiếm | C12: Đóng Find khi không sửa gì (mở từ xem) | D12: Chức năng | E12: TB | F12: Mở Find từ chế độ xem, chỉ tìm | G12: 1. Bấm Close | H12: Quay về chế độ XEM, không hỏi lưu.
A13: WD-012 | B13: Tìm kiếm | C13: Đóng Find sau khi đã Replace (mở từ xem) | D13: Chức năng | E13: TB | F13: Mở Find từ chế độ xem, đã Replace | G13: 1. Bấm Close | H13: Ở lại chế độ SỬA với trạng thái "Not saved" (để người dùng lưu).
A14: WD-013 | B14: Tìm kiếm | C14: Find từ ribbon (tab Review) | D14: Chức năng | E14: TB | F14: Đang ở chế độ sửa | G14: 1. Tab Review → Find & replace 2. Close | H14: Thanh Find mở; Close quay về chế độ sửa.
A15: WD-014 | B15: Tìm kiếm | C15: Back hệ thống khi Find mở | D15: Chức năng | E15: Thấp | G15: 1. Bấm Back hệ thống | H15: Giống bấm Close.
A16: WD-015 | B16: Gõ chữ | C16: Đặt con trỏ và gõ | D16: Chức năng | E16: Cao | F16: Mở F01 ở chế độ sửa | G16: 1. Chạm giữa 1 đoạn 2. Gõ "abc" | H16: Con trỏ đúng vị trí chạm, chữ chèn vào đó, trạng thái "Not saved".
A17: WD-016 | B17: Gõ chữ | C17: Gõ tiếng Việt | D17: Chức năng | E17: Cao | F17: Bàn phím Telex/VNI (Gboard, Laban Key) | G17: 1. Gõ "Tiếng Việt có dấu, đường, ưu, nghiêng" | H17: Chữ có dấu đúng, không lặp ký tự, không mất ký tự khi gõ nhanh. | I17: Ca hay lỗi với trình soạn thảo tự viết.
A18: WD-017 | B18: Gõ chữ | C18: Enter, Backspace, xoá qua ranh giới đoạn | D18: Chức năng | E18: Cao | G18: 1. Enter giữa đoạn 2. Backspace ở đầu đoạn mới 3. Giữ Backspace xoá nhiều | H18: Tách/gộp đoạn đúng; không crash.
A19: WD-018 | B19: Gõ chữ | C19: Backspace ở đầu tài liệu / đầu text box / header / footer | D19: Biên | E19: TB | F19: Tài liệu có text box, header | G19: 1. Đặt con trỏ ở đầu từng vùng 2. Bấm Backspace nhiều lần | H19: Không crash; không xoá nội dung ngoài vùng. | I19: SDK có 1 bản sửa crash cho ca này.
A20: WD-019 | B20: Gõ chữ | C20: Gõ ở cuối trang → sang trang mới | D20: Chức năng | E20: TB | G20: 1. Gõ Enter liên tục ở cuối trang cuối | H20: Trang mới được tạo, số trang tăng, con trỏ luôn nằm trên ribbon/bàn phím.
A21: WD-020 | B21: Gõ chữ | C21: Bàn phím bật ở trang ≥ 2 | D21: Cần xác nhận | E21: Cao | F21: Mở F02, cuộn tới giữa trang 3 | G21: 1. Chạm để đặt con trỏ (bàn phím bật) | H21: Vẫn ở đúng vị trí vừa chạm ở trang 3; không nhảy về trang 2. | I21: Word dùng cùng thành phần danh sách trang với PowerPoint (lỗi PP-BUG). Trang Word cao nên ít khả năng dính, cần kiểm tra.
A22: WD-021 | B22: Gõ chữ | C22: Chọn văn bản | D22: Chức năng | E22: TB | G22: 1. Nhấn giữ 1 từ 2. Kéo tay nắm chọn 2 dòng | H22: Vùng chọn hiển thị rõ, tay nắm kéo được.
A23: WD-022 | B23: Tab Home | C23: Font | D23: Chức năng | E23: Cao | F23: Chọn 1 đoạn chữ | G23: 1. Chạm chip Font 2. Chọn 1 font trong danh sách | H23: Chữ đổi font; chip hiện tên font vừa chọn. Đóng danh sách không chọn → không đổi gì.
A24: WD-023 | B24: Tab Home | C24: Size | D24: Chức năng | E24: Cao | F24: Chọn 1 đoạn chữ | G24: 1. Chạm chip Size 2. Chọn 24 | H24: Chữ cỡ 24; chip hiện "24".
A25: WD-024 | B25: Tab Home | C25: Bold / Italic / Underline | D25: Chức năng | E25: Cao | F25: Chọn 1 đoạn chữ | G25: 1. Bấm B, I, U 2. Bấm lại để tắt 3. Đặt con trỏ vào chữ đậm | H25: Định dạng bật/tắt đúng; nút tương ứng sáng khi con trỏ/vùng chọn đang có định dạng đó.
A26: WD-025 | B26: Tab Home | C26: Sheet Format | D26: Chức năng | E26: Cao | F26: Chọn 1 đoạn chữ | G26: 1. Bấm nút Format (bảng màu) 2. Thử lần lượt: Bold, Italic, Underline, Strikethrough, Superscript, Subscript, 4 kiểu căn lề, Bullets, Numbering | H26: Bàn phím ẩn khi sheet mở. Mỗi lần chạm áp dụng ngay vào tài liệu; nút sáng theo trạng thái.
A27: WD-026 | B27: Tab Home | C27: Sheet Format — màu chữ và highlight | D27: Chức năng | E27: TB | F27: Sheet Format đang mở | G27: 1. Chạm lần lượt 7 màu chữ 2. Chạm các màu highlight 3. Chạm chấm trắng ở hàng highlight | H27: Chữ đổi màu; nền chữ được tô; chấm trắng BỎ highlight. | I27: Không có màu nào được đánh dấu là màu hiện tại (SDK không cho biết).
A28: WD-027 | B28: Tab Home | C28: Sheet Format — Font / Size / Line spacing | D28: Chức năng | E28: TB | F28: Sheet Format đang mở | G28: 1. Bấm Font, chọn 2. Bấm Size, chọn 3. Bấm Spacing, chọn | H28: Áp dụng đúng; nút Font/Size trong sheet hiện giá trị đã chọn.
A29: WD-028 | B29: Tab Home | C29: Text color / Highlight trên ribbon | D29: Chức năng | E29: TB | F29: Chọn chữ | G29: 1. Bấm Text color, chọn màu trong hộp thoại SDK 2. Bấm Highlight, chọn màu | H29: Áp dụng đúng; huỷ hộp thoại không đổi gì.
A30: WD-029 | B30: Tab Home | C30: Bullets / Numbering | D30: Chức năng | E30: TB | F30: Đặt con trỏ trong 3 đoạn liên tiếp (chọn cả 3) | G30: 1. Bấm Bullets 2. Bấm Numbering 3. Bấm lại để tắt | H30: Danh sách chấm / số 1-2-3 đúng; tắt được.
A31: WD-030 | B31: Tab Home | C31: Định dạng khi không chọn chữ | D31: Biên | E31: TB | F31: Chỉ có con trỏ, không chọn | G31: 1. Bấm B rồi gõ chữ | H31: Chữ gõ tiếp theo là chữ đậm (hoặc không đổi) — không crash. Ghi lại hành vi.
A32: WD-031 | B32: Tab Insert | C32: Chèn bảng | D32: Chức năng | E32: Cao | G32: 1. Tab Insert → Table 2. Chọn 3 × 4 trên lưới | H32: Bàn phím ẩn; bảng 3 hàng × 4 cột chèn tại con trỏ.
A33: WD-032 | B33: Tab Insert | C33: Huỷ chèn bảng | D33: Chức năng | E33: Thấp | G33: 1. Table → đóng sheet | H33: Không chèn gì.
A34: WD-033 | B34: Tab Insert | C34: Chèn ảnh từ thư viện | D34: Chức năng | E34: Cao | G34: 1. Insert → Picture 2. Chọn 1 ảnh | H34: Ảnh chèn tại con trỏ, tỷ lệ đúng.
A35: WD-034 | B35: Tab Insert | C35: Chèn ảnh rất lớn / ảnh HEIC / GIF | D35: Biên | E35: TB | F35: Có ảnh 12MP+, ảnh .heic | G35: 1. Chèn lần lượt | H35: Chèn được hoặc báo lỗi; không crash, không treo.
A36: WD-035 | B36: Tab Insert | C36: Chèn ảnh từ Camera | D36: Chức năng | E36: TB | G36: 1. Insert → Camera 2. Chụp, xác nhận | H36: Ảnh vừa chụp chèn vào tài liệu.
A37: WD-036 | B37: Tab Insert | C37: Camera — huỷ chụp / từ chối quyền | D37: Biên | E37: TB | G37: 1. Insert → Camera 2. Bấm Back ở camera | H37: Quay lại trình sửa, không chèn gì, không crash.
A38: WD-037 | B38: Tab Insert | C38: Insert text / New line | D38: Chức năng | E38: Thấp | G38: 1. Bấm Insert text, nhập, xác nhận 2. Bấm New line | H38: Chữ được chèn; xuống dòng mới.
A39: WD-038 | B39: Tab Layout | C39: Căn lề trái / giữa / phải / đều | D39: Chức năng | E39: Cao | F39: Con trỏ trong 1 đoạn dài | G39: 1. Bấm lần lượt 4 nút | H39: Đoạn căn đúng; nút đang áp dụng sáng.
A40: WD-039 | B40: Tab Layout | C40: Thụt lề | D40: Chức năng | E40: TB | G40: 1. Indent more ×3 2. Indent less ×5 | H40: Thụt vào/ra đúng; không âm quá lề.
A41: WD-040 | B41: Tab Layout | C41: Line spacing / Paragraph | D41: Chức năng | E41: TB | G41: 1. Line spacing → chọn 1.5 2. Paragraph → đổi giá trị trong hộp thoại | H41: Giãn dòng và khoảng cách đoạn đổi theo. | I41: Hộp thoại do SDK hiển thị.
A42: WD-041 | B42: Tab Review | C42: Select word / paragraph / all | D42: Chức năng | E42: TB | G42: 1. Bấm từng lệnh | H42: Vùng chọn đúng: 1 từ, 1 đoạn, toàn bộ.
A43: WD-042 | B43: Tab Review | C43: Copy / Cut / Paste | D43: Chức năng | E43: Cao | F43: Chọn 1 đoạn | G43: 1. Copy, đặt con trỏ chỗ khác, Paste 2. Cut, Paste 3. Paste nội dung copy từ app khác | H43: Nội dung được dán đúng; Cut xoá bản gốc.
A44: WD-043 | B44: Tab Review | C44: Paste khi clipboard rỗng / chứa ảnh | D44: Biên | E44: Thấp | G44: 1. Xoá clipboard, bấm Paste | H44: Không crash.
A45: WD-044 | B45: Tab Review | C45: Delete | D45: Chức năng | E45: TB | F45: Chọn 1 đoạn | G45: 1. Bấm Delete (đỏ) | H45: Vùng chọn bị xoá; Undo khôi phục.
A46: WD-045 | B46: Tab Table | C46: Thêm hàng / cột | D46: Chức năng | E46: Cao | F46: Con trỏ trong 1 ô của bảng | G46: 1. Row above, Row below, Column left, Column right | H46: Hàng/cột mới ở đúng phía so với ô hiện tại.
A47: WD-046 | B47: Tab Table | C47: Xoá hàng / cột | D47: Chức năng | E47: Cao | F47: Con trỏ trong bảng | G47: 1. Delete row 2. Delete column 3. Xoá đến khi hết bảng | H47: Xoá đúng hàng/cột; xoá hàng cuối cùng không crash.
A48: WD-047 | B48: Tab Table | C48: Lệnh bảng khi con trỏ ngoài bảng | D48: Biên | E48: TB | F48: Con trỏ ở đoạn thường | G48: 1. Mở tab Table (nếu có), bấm các lệnh | H48: Không crash; không chèn rác. Ghi lại tab Table có hiện khi tài liệu không có bảng không. | I48: Ribbon bỏ các lệnh SDK báo không có tại thời điểm vào sửa.
A49: WD-048 | B49: Tab Table | C49: Gõ trong ô bảng, bảng tràn trang | D49: Biên | E49: TB | G49: 1. Gõ nhiều dòng trong 1 ô tới khi sang trang | H49: Ô giãn cao, bảng sang trang đúng.
A50: WD-049 | B50: Tổng hợp | C50: Tài liệu trắng mới: soạn → lưu → mở lại | D50: Chức năng | E50: Cao | F50: Tạo Word mới | G50: 1. Gõ tiêu đề + 3 đoạn, định dạng, chèn bảng và ảnh 2. Save 3. Đóng app, mở lại file | H50: Mọi nội dung và định dạng còn đúng.
A51: WD-050 | B51: Tổng hợp | C51: Mở file đã lưu bằng MS Word / Google Docs | D51: Chức năng | E51: Cao | F51: File vừa lưu ở ca trên | G51: 1. Chép sang máy tính hoặc mở bằng Google Docs | H51: File mở được, không báo hỏng, nội dung và định dạng khớp. | I51: Kiểm tra tính tương thích của file ghi ra.
A52: WD-051 | B52: Tổng hợp | C52: Sửa ở trang giữa của tài liệu dài | D52: Chức năng | E52: TB | F52: Mở F02 | G52: 1. Go to page 10 2. Edit, gõ 1 câu 3. Save, mở lại, tới trang 10 | H52: Câu đã gõ nằm đúng chỗ; các trang khác không đổi.
A53: WD-052 | B53: Tổng hợp | C53: Undo sau nhiều loại thao tác | D53: Chức năng | E53: TB | G53: 1. Gõ, đổi màu, chèn bảng, chèn ảnh 2. Undo 4 lần | H53: Lùi đúng thứ tự từng thao tác.

Sheet Office_Excel
A1: ID | B1: Nhóm | C1: Tên test case | D1: Loại | E1: Ưu tiên | F1: Tiền điều kiện | G1: Các bước | H1: Kết quả mong đợi | I1: Ghi chú (từ phân tích code) | J1: Kết quả | K1: Thực tế / ghi chú của tester | L1: Thiết bị / bản build
A2: XL-001 | B2: Xem | C2: Chuyển sheet | D2: Chức năng | E2: Cao | F2: Mở F04 (≥ 3 sheet) | G2: 1. Chạm tab sheet 2, 3 2. More → Go to sheet → 1 | H2: Hiện đúng dữ liệu từng sheet; nhãn "Sheet x / N".
A3: XL-002 | B3: Xem | C3: Công thức hiển thị giá trị | D3: Chức năng | E3: Cao | F3: F04 có công thức | G3: 1. Xem các ô có SUM, AVERAGE, IF | H3: Ô hiện kết quả đúng (so với Excel trên máy tính).
A4: XL-003 | B4: Xem | C4: Cuộn / zoom bảng lớn | D4: Chức năng | E4: TB | F4: F04 có ≥ 1000 dòng | G4: 1. Cuộn dọc, ngang, zoom | H4: Tiêu đề hàng/cột đi theo; mượt; không trắng ô.
A5: XL-004 | B5: Ô công thức | C5: Hiện ô công thức khi sửa | D5: Chức năng | E5: Cao | F5: Mở F04 | G5: 1. Bấm Edit | H5: Thanh công thức hiện: nhãn ô (vd A1), ô nhập, nút ✓. Ribbon có tab Home, Insert, Cells, Sheet.
A6: XL-005 | B6: Ô công thức | C6: Chọn ô → hiện địa chỉ và nội dung | D6: Chức năng | E6: Cao | F6: Đang sửa | G6: 1. Chạm ô B2 có giá trị 2. Chạm ô có công thức | H6: Nhãn hiện "B2"; ô nhập hiện giá trị; với ô công thức hiện "=…".
A7: XL-006 | B7: Ô công thức | C7: Chọn vùng | D7: Chức năng | E7: TB | G7: 1. Kéo chọn B2 đến D4 | H7: Nhãn hiện "B2:D4".
A8: XL-007 | B8: Ô công thức | C8: Nhập số và chữ | D8: Chức năng | E8: Cao | F8: Chọn ô trống | G8: 1. Gõ 123, bấm ✓ 2. Chọn ô khác, gõ "Xin chào", bấm phím Done | H8: Ô nhận giá trị; bàn phím ẩn; ô nhập mất focus; trạng thái "Not saved".
A9: XL-008 | B9: Ô công thức | C9: Nhập công thức | D9: Chức năng | E9: Cao | F9: A1=1, A2=2, A3=3 | G9: 1. Chọn A4, gõ =SUM(A1:A3), ✓ 2. Đổi A1 thành 10 | H9: A4 hiện 6, sau đó 15 (tự tính lại).
A10: XL-009 | B10: Ô công thức | C10: Công thức sai / tham chiếu vòng | D10: Biên | E10: TB | G10: 1. Nhập =SUM(, =1/0, =A4 vào chính A4, =ABCXYZ(1) | H10: Không crash; ô hiện lỗi hoặc giữ chuỗi. Ghi lại hành vi.
A11: XL-010 | B11: Ô công thức | C11: Xoá nội dung ô | D11: Chức năng | E11: TB | F11: Chọn ô có giá trị | G11: 1. Xoá hết chữ trong ô nhập, ✓ | H11: Ô trống.
A12: XL-011 | B12: Ô công thức | C12: Đổi ô khi đang gõ dở | D12: Biên | E12: TB | F12: Đang gõ trong ô nhập (chưa ✓) | G12: 1. Chạm sang ô khác trên bảng | H12: Ghi lại: chữ đang gõ có bị mất / ghi vào ô nào. Không crash, không ghi nhầm ô. | I12: Ô nhập không bị ghi đè khi đang focus; cần xem giá trị dở được áp vào ô cũ hay ô mới.
A13: XL-012 | B13: Ô công thức | C13: Chuỗi dài / tiếng Việt / số âm / ngày | D13: Biên | E13: TB | G13: 1. Nhập chuỗi 500 ký tự, chữ có dấu, -12.5, 12/10/2026, 50% | H13: Lưu đúng giá trị; không crash.
A14: XL-013 | B14: Tab Home | C14: Bold / Italic / Underline | D14: Chức năng | E14: Cao | F14: Chọn vùng ô có chữ | G14: 1. Bấm B, I, U; bấm lại để tắt | H14: Định dạng áp dụng cho cả vùng; nút sáng theo ô đang chọn.
A15: XL-014 | B15: Tab Home | C15: Fill color / Text color | D15: Chức năng | E15: TB | F15: Chọn vùng | G15: 1. Fill color → chọn màu 2. Text color → chọn màu | H15: Nền và màu chữ ô đổi đúng.
A16: XL-015 | B16: Tab Home | C16: Sheet Cell format — áp dụng | D16: Chức năng | E16: Cao | F16: Chọn B2:D4 | G16: 1. Bấm nút Cell format 2. Chọn 1 màu nền, căn giữa, bật Wrap 3. Bấm "Apply to B2:D4" | H16: Nút Apply ghi đúng vùng đang chọn. Sau khi Apply: cả 3 thuộc tính áp vào vùng.
A17: XL-016 | B17: Tab Home | C17: Sheet Cell format — đóng không Apply | D17: Chức năng | E17: TB | G17: 1. Mở sheet, chọn màu + căn lề 2. Bấm X đóng | H17: Không có gì thay đổi trên bảng. | I17: Chỉ thay đổi khi bấm Apply.
A18: XL-017 | B18: Tab Home | C18: Sheet Cell format — màu trắng = bỏ nền | D18: Chức năng | E18: Thấp | F18: Ô đã có nền màu | G18: 1. Mở sheet, chọn chấm trắng, Apply | H18: Ô hết màu nền.
A19: XL-018 | B19: Tab Home | C19: Sheet Cell format — không có Number format | D19: Lỗi đã biết | E19: Thấp | G19: 1. Mở sheet Cell format | H19: KHÔNG có mục định dạng số (đã bỏ có chủ đích). | I19: Lệnh NUMBER_FORMAT của SDK luôn ném lỗi nên app chưa đưa vào.
A20: XL-019 | B20: Tab Home | C20: Căn trái / giữa / phải | D20: Chức năng | E20: TB | F20: Chọn vùng | G20: 1. Bấm 3 nút căn lề | H20: Áp dụng đúng.
A21: XL-020 | B21: Tab Home | C21: Merge cells | D21: Chức năng | E21: Cao | F21: Chọn B2:D2 | G21: 1. Bấm Merge 2. Chọn ô đã gộp, bấm Merge lần nữa | H21: Gộp thành 1 ô; lần 2 bỏ gộp.
A22: XL-021 | B22: Tab Home | C22: Font size | D22: Chức năng | E22: TB | F22: Chọn ô | G22: 1. Font size → chọn 18 | H22: Chữ to lên; chiều cao hàng phù hợp.
A23: XL-022 | B23: Tab Insert | C23: Chèn hàng / cột | D23: Chức năng | E23: Cao | F23: Chọn ô C5 | G23: 1. Row above, Row below, Column left, Column right | H23: Hàng/cột mới ở đúng phía; dữ liệu và CÔNG THỨC tham chiếu dịch đúng.
A24: XL-023 | B24: Tab Insert | C24: Chèn ảnh | D24: Chức năng | E24: TB | G24: 1. Insert → Picture → chọn ảnh | H24: Ảnh nằm trên sheet tại vùng ô đang chọn.
A25: XL-024 | B25: Tab Cells | C25: Row height / Column width | D25: Chức năng | E25: TB | F25: Chọn ô | G25: 1. Row height → nhập giá trị 2. Column width → nhập giá trị | H25: Kích thước đổi đúng; nhập 0 / số âm / chữ không crash.
A26: XL-025 | B26: Tab Cells | C26: Wrap text | D26: Chức năng | E26: TB | F26: Ô có chuỗi dài | G26: 1. Bấm Wrap text; bấm lại | H26: Chữ xuống dòng trong ô / trở lại 1 dòng.
A27: XL-026 | B27: Tab Cells | C27: Borders | D27: Chức năng | E27: TB | F27: Chọn vùng | G27: 1. Borders → chọn kiểu viền | H27: Viền hiển thị đúng kiểu chọn. | I27: Hộp thoại do SDK hiển thị.
A28: XL-027 | B28: Tab Cells | C28: Text rotation / Cell alignment | D28: Chức năng | E28: Thấp | F28: Chọn ô có chữ | G28: 1. Text rotation → chọn góc 2. Cell alignment → chọn dọc giữa | H28: Chữ xoay / căn dọc đúng.
A29: XL-028 | B29: Tab Cells | C29: Delete row / Delete column | D29: Chức năng | E29: Cao | F29: Chọn ô | G29: 1. Delete row 2. Delete column | H29: Xoá đúng hàng/cột; công thức liên quan cập nhật hoặc báo lỗi tham chiếu, không crash.
A30: XL-029 | B30: Tab Cells | C30: Clear cells | D30: Chức năng | E30: TB | F30: Chọn vùng có dữ liệu | G30: 1. Bấm Clear cells | H30: Nội dung vùng bị xoá; Undo khôi phục.
A31: XL-030 | B31: Tab Sheet | C31: Add sheet | D31: Chức năng | E31: Cao | G31: 1. Tab Sheet → Add sheet | H31: Sheet mới được thêm; nhãn tổng số sheet tăng 1.
A32: XL-031 | B32: Tab Sheet | C32: Go to cell | D32: Chức năng | E32: TB | G32: 1. Go to cell → nhập C10 2. Nhập ZZ99999, nhập abc, để trống | H32: Nhảy tới C10 và chọn ô đó. Giá trị sai: không crash, có thông báo hoặc bỏ qua.
A33: XL-032 | B33: Tổng hợp | C33: Undo / Redo | D33: Chức năng | E33: Cao | G33: 1. Nhập giá trị, tô màu, chèn hàng, gộp ô 2. Undo 4 lần, Redo 4 lần | H33: Lùi/tiến đúng từng bước.
A34: XL-033 | B34: Tổng hợp | C34: Lưu và mở lại | D34: Chức năng | E34: Cao | F34: Đã sửa ở 2 sheet khác nhau | G34: 1. Save 2. Đóng app, mở lại file | H34: Thay đổi ở cả 2 sheet còn đủ; sheet không sửa không bị ảnh hưởng.
A35: XL-034 | B35: Tổng hợp | C35: Mở file đã lưu bằng MS Excel / Google Sheets | D35: Chức năng | E35: Cao | F35: File vừa lưu | G35: 1. Mở trên máy tính | H35: Không báo hỏng; giá trị, công thức, định dạng khớp.
A36: XL-035 | B36: Tổng hợp | C36: Lưu file .xlsm | D36: Cần xác nhận | E36: TB | F36: Mở F05 (có macro) | G36: 1. Sửa 1 ô, Save 2. Mở lại bằng Excel trên máy tính | H36: File mở được; ghi lại macro còn hay mất. | I36: Chưa xác định từ code SDK có giữ macro khi ghi.
A37: XL-036 | B37: Tổng hợp | C37: Excel mới tạo: nhập bảng → công thức → lưu | D37: Chức năng | E37: Cao | F37: Tạo Excel mới | G37: 1. Nhập bảng 5×3, thêm hàng tổng bằng SUM, tô tiêu đề 2. Save, mở lại | H37: Đúng dữ liệu, công thức và định dạng.
A38: XL-037 | B38: Tổng hợp | C38: Không có Convert to PDF và không có nút tìm kiếm | D38: Chức năng | E38: TB | F38: Mở F04 | G38: 1. Xem thanh trên và menu More | H38: Không có 2 mục này (giới hạn hiện tại).
A39: XL-038 | B39: Tổng hợp | C39: Bàn phím che ô đang sửa | D39: Biên | E39: TB | F39: Chọn ô ở cuối màn hình | G39: 1. Chạm ô nhập công thức | H39: Ribbon + ô công thức nằm trên bàn phím; ô đang chọn vẫn thấy được hoặc cuộn tới được.

Sheet Office_PowerPoint
A1: ID | B1: Nhóm | C1: Tên test case | D1: Loại | E1: Ưu tiên | F1: Tiền điều kiện | G1: Các bước | H1: Kết quả mong đợi | I1: Ghi chú (từ phân tích code) | J1: Kết quả | K1: Thực tế / ghi chú của tester | L1: Thiết bị / bản build
A2: PP-001 | B2: Xem | C2: Cuộn giữa các slide | D2: Chức năng | E2: Cao | F2: Mở F07 (≥ 5 slide) | G2: 1. Vuốt dọc qua từng slide | H2: Mỗi lần vuốt sang 1 slide; nhãn "Slide x / N" đúng.
A3: PP-002 | B3: Dải slide | C3: Hiện dải thumbnail khi sửa | D3: Chức năng | E3: Cao | F3: Mở F07 | G3: 1. Bấm Edit | H3: Dải thumbnail slide hiện phía trên ribbon; slide hiện tại được đánh dấu; có nút Arrange. Ribbon có tab Home, Insert, Animations, Slideshow.
A4: PP-003 | B4: Dải slide | C4: Chạm thumbnail để chuyển slide | D4: Chức năng | E4: Cao | F4: Đang sửa | G4: 1. Chạm thumbnail 4 2. Chạm thumbnail 1 | H4: Vùng chính chuyển tới đúng slide; thumbnail đó được đánh dấu.
A5: PP-004 | B5: Dải slide | C5: Dải slide theo khi cuộn vùng chính | D5: Chức năng | E5: TB | G5: 1. Vuốt vùng chính tới slide cuối | H5: Thumbnail đánh dấu đổi theo và tự cuộn vào tầm nhìn.
A6: PP-005 | B6: Chọn shape | C6: Chọn và bỏ chọn | D6: Chức năng | E6: Cao | F6: Slide có vài shape | G6: 1. Chạm 1 shape 2. Chạm vùng trống | H6: Khung chọn có tay nắm bao quanh shape; chạm vùng trống thì bỏ chọn.
A7: PP-006 | B7: Chọn shape | C7: Di chuyển / đổi kích thước / xoay bằng tay | D7: Chức năng | E7: Cao | F7: Đã chọn 1 shape | G7: 1. Kéo shape 2. Kéo tay nắm góc 3. Kéo tay nắm xoay (nếu có) | H7: Shape theo ngón tay; thả ra giữ vị trí mới; thumbnail cập nhật; trạng thái "Not saved".
A8: PP-007 | B8: Chọn shape | C8: Ảnh giữ tỷ lệ khi resize | D8: Chức năng | E8: Thấp | F8: Đã chọn 1 ảnh | G8: 1. Kéo tay nắm góc | H8: Ảnh không méo.
A9: PP-008 | B9: Chọn shape | C9: Chọn shape chồng nhau | D9: Biên | E9: TB | F9: 2 shape đè lên nhau | G9: 1. Chạm vùng giao nhau | H9: Chọn shape ở lớp trên.
A10: PP-009 | B10: Sửa chữ tại chỗ | C10: Mở ô nhập bằng chạm lần 2 — slide 1 (đối chứng) | D10: Chức năng | E10: Cao | F10: Slide 1 có text box | G10: 1. Chạm text box (chọn) 2. Chạm lần nữa | H10: Ô nhập mở ngay trên shape với chữ hiện có, bàn phím bật, ribbon ẩn. Vẫn ở slide 1. | I10: Ở slide 1 không bị lỗi nhảy slide.
A11: PP-010 | B11: Sửa chữ tại chỗ | C11: Gõ và kết thúc nhập | D11: Chức năng | E11: Cao | F11: Ô nhập đang mở | G11: 1. Gõ "Tiêu đề mới" 2. Chạm ra ngoài shape | H11: Ô nhập đóng, bàn phím ẩn, ribbon hiện lại. Chữ mới hiển thị trên slide và trên thumbnail.
A12: PP-011 | B12: Sửa chữ tại chỗ | C12: Gõ tiếng Việt, nhiều dòng | D12: Chức năng | E12: TB | F12: Ô nhập đang mở | G12: 1. Gõ 3 dòng chữ có dấu | H12: Chữ đúng dấu; xuống dòng được; lưu đúng 3 dòng.
A13: PP-012 | B13: Sửa chữ tại chỗ | C13: Định dạng một phần chữ | D13: Chức năng | E13: TB | F13: Ô nhập đang mở | G13: 1. Nhấn giữ chọn 1 từ 2. Trong menu chọn Bold / Italic / Underline / Red text | H13: Chỉ từ đó đổi định dạng; ô nhập đóng và slide vẽ lại đúng.
A14: PP-013 | B14: Sửa chữ tại chỗ | C14: Xoá hết chữ | D14: Biên | E14: TB | G14: 1. Xoá toàn bộ chữ trong ô nhập 2. Chạm ra ngoài | H14: Shape còn nhưng rỗng (hoặc giữ chữ cũ) — không crash. Ghi lại hành vi.
A15: PP-014 | B15: Sửa chữ tại chỗ | C15: Text box sát đáy slide | D15: Biên | E15: TB | F15: Kéo text box xuống đáy slide | G15: 1. Chạm 2 lần để nhập | H15: Ô nhập hiện phía trên bàn phím, không bị che.
A16: PP-015 | B16: Sửa chữ tại chỗ | C16: Đóng bàn phím bằng Back khi đang nhập | D16: Biên | E16: TB | F16: Ô nhập đang mở, đã gõ chữ | G16: 1. Bấm Back hệ thống 1 lần | H16: Ghi lại: chỉ đóng bàn phím hay thoát luôn nhập; chữ đã gõ không được mất âm thầm.
A17: PP-016 | B17: Lỗi nhảy slide | C17: Nhập chữ vào text box ở slide 2 (lỗi đã báo) | D17: Lỗi đã biết | E17: Cao | F17: Tạo PowerPoint mới | G17: 1. Tab Insert → Add slide (đang ở slide 2) 2. Insert → Text box 3. Chạm lần nữa vào text box để nhập | H17: MONG ĐỢI: vẫn ở slide 2, ô nhập mở trên text box. HIỆN TẠI (lỗi): màn hình nhảy về slide 1. | I17: Lỗi trong SDK (APageListView.layoutVertical): khi bàn phím che hơn nửa vùng tài liệu, danh sách slide tự lùi 1 slide.
A18: PP-017 | B18: Lỗi nhảy slide | C18: Slide 3 trong bộ 5 slide | D18: Lỗi đã biết | E18: Cao | F18: Mở F07, vào sửa | G18: 1. Chạm thumbnail 3 2. Chọn 1 text box, chạm lần nữa | H18: MONG ĐỢI: vẫn ở slide 3. HIỆN TẠI (dự đoán): nhảy về slide 2. | I18: Cùng nguyên nhân: lùi đúng 1 slide.
A19: PP-018 | B19: Lỗi nhảy slide | C19: Slide cuối | D19: Lỗi đã biết | E19: TB | F19: Mở F07, vào sửa | G19: 1. Tới slide cuối 2. Chạm 2 lần vào text box | H19: MONG ĐỢI: vẫn ở slide cuối. HIỆN TẠI (dự đoán): nhảy về slide áp cuối.
A20: PP-019 | B20: Lỗi nhảy slide | C20: Chữ gõ sau khi bị nhảy có vào đúng slide không | D20: Lỗi đã biết | E20: Cao | F20: Vừa tái hiện ca slide 2; slide 1 cũng có text box | G20: 1. Sau khi bị nhảy, gõ "ABC" 2. Chạm ra ngoài để kết thúc 3. Xem slide 1 và slide 2 | H20: MONG ĐỢI: "ABC" nằm trong text box của slide 2; slide 1 không đổi. RỦI RO: báo lỗi không đổi được chữ, hoặc chữ ghi nhầm vào shape ở slide 1. | I20: SDK lấy slide hiện tại lúc ghi chữ; sau khi nhảy slide hiện tại đã là slide 1.
A21: PP-020 | B21: Lỗi nhảy slide | C21: Lệnh Set text ở slide ≥ 2 | D21: Cần xác nhận | E21: Cao | F21: Ở slide 2, đã chọn text box | G21: 1. Tab Home → Set text 2. Gõ chữ trong hộp thoại, OK | H21: Vẫn ở slide 2; chữ đổi đúng ở slide 2. | I21: Hộp thoại cũng bật bàn phím, có thể gây cùng lỗi nhảy slide.
A22: PP-021 | B22: Lỗi nhảy slide | C22: Bàn phím nổi / bàn phím thấp | D22: Cần xác nhận | E22: TB | F22: Bật chế độ bàn phím nổi (Gboard floating) | G22: 1. Lặp lại ca slide 2 | H22: Vẫn ở slide 2 (bàn phím không che nửa vùng tài liệu nên dự đoán KHÔNG lỗi). | I22: Dùng để khẳng định điều kiện gây lỗi.
A23: PP-022 | B23: Lỗi nhảy slide | C23: Sau khi bị nhảy: thumbnail và nhãn | D23: Lỗi đã biết | E23: TB | F23: Vừa tái hiện lỗi | G23: 1. Quan sát dải thumbnail | H23: Ghi lại thumbnail đang đánh dấu slide nào và ô nhập đang nằm ở đâu (lệch slide).
A24: PP-023 | B24: Tab Home | C24: Lệnh định dạng khi chưa chọn shape | D24: Biên | E24: TB | F24: Không chọn shape nào | G24: 1. Bấm B, I, U, Text color, Size, căn lề, Set text, Rotate, Delete | H24: Mỗi lệnh hiện thông báo yêu cầu chọn shape trước; không crash; trạng thái vẫn "Saved". | I24: Thông báo do SDK hiển thị.
A25: PP-024 | B25: Tab Home | C25: Bold / Italic / Underline cho cả shape | D25: Chức năng | E25: Cao | F25: Chọn 1 text box | G25: 1. Bấm B, I, U; bấm lại | H25: Toàn bộ chữ trong shape đổi; nút sáng theo trạng thái; bấm lại thì tắt.
A26: PP-025 | B26: Tab Home | C26: Size | D26: Chức năng | E26: TB | F26: Chọn 1 text box | G26: 1. Chạm chip Size, chọn 40 | H26: Chữ cỡ 40; chip hiện "40".
A27: PP-026 | B27: Tab Home | C27: Text color | D27: Chức năng | E27: TB | F27: Chọn 1 text box | G27: 1. Text color → chọn màu | H27: Chữ đổi màu; huỷ hộp thoại không đổi.
A28: PP-027 | B28: Tab Home | C28: Căn trái / giữa / phải | D28: Chức năng | E28: TB | F28: Chọn 1 text box | G28: 1. Bấm 3 nút | H28: Chữ căn đúng trong shape.
A29: PP-028 | B29: Tab Home | C29: Set text | D29: Chức năng | E29: TB | F29: Chọn 1 text box (ở slide 1) | G29: 1. Set text → sửa chữ → OK 2. Set text → Cancel | H29: OK: chữ đổi. Cancel: giữ nguyên.
A30: PP-029 | B30: Tab Home | C30: Rotate | D30: Chức năng | E30: TB | F30: Chọn 1 shape | G30: 1. Bấm Rotate 4 lần | H30: Mỗi lần xoay thêm 90°, sau 4 lần về như cũ; khung chọn xoay theo.
A31: PP-030 | B31: Tab Home | C31: Shape list | D31: Chức năng | E31: TB | F31: Slide có ≥ 3 shape | G31: 1. Bấm Shape list 2. Chạm 1 dòng để chọn 3. Đổi thứ tự lớp lên/xuống | H31: Danh sách đúng các shape của slide; chọn được; shape chồng nhau đổi lớp đúng.
A32: PP-031 | B32: Tab Home | C32: Shape list ở slide trống | D32: Biên | E32: Thấp | F32: Slide không có shape | G32: 1. Bấm Shape list | H32: Thông báo slide không có shape; không crash.
A33: PP-032 | B33: Tab Home | C33: Delete shape | D33: Chức năng | E33: Cao | F33: Chọn 1 shape | G33: 1. Bấm Delete (đỏ) 2. Undo | H33: Shape biến mất, khung chọn mất; Undo khôi phục.
A34: PP-033 | B34: Tab Home | C34: Delete khi đang nhập chữ | D34: Biên | E34: TB | F34: Ô nhập đang mở | G34: 1. Bấm Delete | H34: Shape bị xoá, ô nhập đóng; không crash.
A35: PP-034 | B35: Tab Insert | C35: Text box | D35: Chức năng | E35: Cao | G35: 1. Insert → Text box | H35: Text box chữ "Text box" xuất hiện giữa slide HIỆN TẠI, đang được chọn; thumbnail cập nhật.
A36: PP-035 | B36: Tab Insert | C36: Picture | D36: Chức năng | E36: Cao | G36: 1. Insert → Picture → chọn ảnh | H36: Ảnh giữa slide, rộng tối đa nửa slide, đúng tỷ lệ, đang được chọn.
A37: PP-036 | B37: Tab Insert | C37: Picture — ảnh hỏng / huỷ chọn | D37: Biên | E37: TB | G37: 1. Huỷ trình chọn ảnh 2. Chọn 1 file ảnh hỏng | H37: Không thêm gì; có thông báo với ảnh hỏng; không crash.
A38: PP-037 | B38: Tab Insert | C38: Shape | D38: Chức năng | E38: Cao | G38: 1. Insert → Shape 2. Chọn loại và màu | H38: Shape đúng loại, màu, ở giữa slide, đang được chọn. Huỷ hộp thoại thì không thêm.
A39: PP-038 | B39: Tab Insert | C39: Add slide | D39: Chức năng | E39: Cao | F39: Đang ở slide k của N | G39: 1. Insert → Add slide | H39: Slide trống mới ở vị trí k+1; màn hình chuyển sang slide mới; dải thumbnail có N+1 slide; nhãn "Slide k+1 / N+1". | I39: Tài liệu được tải lại từ bản sao làm việc sau thao tác slide.
A40: PP-039 | B40: Tab Insert | C40: Duplicate slide | D40: Chức năng | E40: Cao | F40: Đang ở slide k | G40: 1. Insert → Duplicate slide | H40: Bản sao ở vị trí k+1 và được hiển thị; nội dung giống slide k.
A41: PP-040 | B41: Tab Insert | C41: Add slide liên tục | D41: Biên | E41: TB | G41: 1. Bấm Add slide 5 lần thật nhanh | H41: Không crash; số slide tăng đúng số lần bấm được nhận; dải thumbnail khớp số slide thật. | I41: Mỗi lần thêm slide là 1 lần tải lại bất đồng bộ.
A42: PP-041 | B42: Tab Insert | C42: Thao tác ngay sau Add slide | D42: Biên | E42: TB | G42: 1. Add slide rồi lập tức chạm thumbnail khác / Insert Text box | H42: Không crash; thao tác rơi vào đúng slide đang hiển thị.
A43: PP-042 | B43: Sắp xếp slide | C43: Mở màn Arrange | D43: Chức năng | E43: Cao | F43: Đang sửa | G43: 1. Bấm Arrange ở dải slide | H43: Lưới slide hiện với tiêu đề "Arrange slides" / "Tap a slide, then move it"; có các nút Duplicate, Earlier, Later, Add, Delete và Done/Close.
A44: PP-043 | B44: Sắp xếp slide | C44: Earlier / Later | D44: Chức năng | E44: Cao | F44: Trong Arrange, chọn slide 3 | G44: 1. Bấm Earlier 2. Bấm Later 2 lần | H44: Slide chuyển lên vị trí 2, rồi xuống vị trí 4; lưới vẽ lại đúng thứ tự; slide đang chọn đi theo.
A45: PP-044 | B45: Sắp xếp slide | C45: Earlier ở slide đầu / Later ở slide cuối | D45: Biên | E45: TB | G45: 1. Chọn slide 1, bấm Earlier 2. Chọn slide cuối, bấm Later | H45: Thứ tự không đổi; có thông báo hoặc không có gì; không crash.
A46: PP-045 | B46: Sắp xếp slide | C46: Duplicate / Add trong Arrange | D46: Chức năng | E46: TB | G46: 1. Chọn slide 2, Duplicate 2. Add | H46: Lưới có thêm slide đúng vị trí ngay sau slide đang chọn.
A47: PP-046 | B47: Sắp xếp slide | C47: Delete slide | D47: Chức năng | E47: Cao | F47: Bộ ≥ 3 slide, chọn slide 2 | G47: 1. Bấm Delete | H47: Slide bị xoá; số slide giảm 1; chọn chuyển sang slide lân cận. | I47: Ghi lại có hỏi xác nhận không.
A48: PP-047 | B48: Sắp xếp slide | C48: Delete slide duy nhất | D48: Biên | E48: Cao | F48: Bộ chỉ có 1 slide | G48: 1. Arrange → Delete | H48: Không crash; bộ vẫn hợp lệ (còn 1 slide + thông báo, hoặc hành vi khác được ghi lại).
A49: PP-048 | B49: Sắp xếp slide | C49: Thoát Arrange | D49: Chức năng | E49: TB | G49: 1. Bấm Done 2. Vào lại, bấm Close 3. Vào lại, bấm Back hệ thống | H49: Cả 3 cách đều về chế độ sửa, ở slide đang chọn; thay đổi thứ tự được giữ.
A50: PP-049 | B50: Sắp xếp slide | C50: Undo sau thao tác slide | D50: Cần xác nhận | E50: Cao | F50: Vừa Add / Delete / di chuyển slide | G50: 1. Bấm Undo | H50: Ghi lại: Undo có hoàn tác được thao tác slide không, hay báo không có gì để hoàn tác; các sửa đổi trước thao tác slide còn Undo được không. | I50: Sau thao tác slide SDK mở lại phiên làm việc mới, lịch sử Undo nhiều khả năng bị mất.
A51: PP-050 | B51: Animations | C51: Thêm hiệu ứng cho shape | D51: Chức năng | E51: TB | F51: Slide có shape | G51: 1. Tab Animations → Animations 2. Thêm 1 hiệu ứng Entrance cho 1 shape, lưu hộp thoại | H51: Hiệu ứng nằm trong danh sách; trạng thái "Not saved". | I51: Hộp thoại do SDK hiển thị.
A52: PP-051 | B52: Animations | C52: Sửa / xoá hiệu ứng | D52: Chức năng | E52: Thấp | F52: Đã có hiệu ứng | G52: 1. Mở Animations, đổi kiểu/hướng, xoá 1 hiệu ứng | H52: Danh sách cập nhật đúng.
A53: PP-052 | B53: Animations | C53: Transition | D53: Chức năng | E53: TB | G53: 1. Tab Animations → Transition 2. Chọn 1 kiểu chuyển cảnh | H53: Lưu được; không crash.
A54: PP-053 | B54: Animations | C54: Kiểm tra hiệu ứng bằng PowerPoint trên máy tính | D54: Chức năng | E54: TB | F54: Đã thêm hiệu ứng + transition, Save | G54: 1. Mở file bằng MS PowerPoint, trình chiếu | H54: Hiệu ứng và chuyển cảnh chạy đúng trong PowerPoint (chứng minh file ghi đúng). | I54: Trong app trình chiếu chưa phát hiệu ứng — xem sheet Slideshow.
A55: PP-054 | B55: Tab Slideshow | C55: Export PNG | D55: Chức năng | E55: TB | G55: 1. Tab Slideshow → Export PNG 2. Chọn nơi lưu | H55: File PNG của slide hiện tại, mở được, nét.
A56: PP-055 | B56: Tab Slideshow | C56: Export PDF | D56: Chức năng | E56: TB | G56: 1. Tab Slideshow → Export PDF 2. Chọn nơi lưu | H56: File PDF mở được. Ghi lại: chỉ slide hiện tại hay cả bộ.
A57: PP-056 | B57: Tab Slideshow | C57: Huỷ khi chọn nơi lưu | D57: Biên | E57: Thấp | G57: 1. Export PNG → Back ở trình chọn | H57: Không tạo file, không crash.
A58: PP-057 | B58: Tổng hợp | C58: PowerPoint mới: dựng 3 slide → lưu → mở lại | D58: Chức năng | E58: Cao | F58: Tạo PowerPoint mới | G58: 1. Thêm text box, ảnh, shape ở slide 1 2. Add slide 2 lần, thêm nội dung (lưu ý lỗi nhảy slide) 3. Save, đóng app, mở lại | H58: Đủ 3 slide với đúng nội dung và thứ tự.
A59: PP-058 | B59: Tổng hợp | C59: Mở file đã lưu bằng MS PowerPoint / Google Slides | D59: Chức năng | E59: Cao | F59: File vừa lưu | G59: 1. Mở trên máy tính | H59: Không báo cần sửa chữa (repair); nội dung khớp.
A60: PP-059 | B60: Tổng hợp | C60: Don’t save sau khi đã thêm/xoá slide | D60: Chức năng | E60: Cao | F60: Mở F07, xoá 1 slide, thêm 1 slide | G60: 1. Back → Don’t save 2. Xem lại tài liệu | H60: Tài liệu trở về đúng N slide ban đầu. | I60: Thao tác slide ghi vào bản sao trong cache, file gốc chỉ đổi khi Save.
A61: PP-060 | B61: Tổng hợp | C61: Sửa shape trong nhóm (group) | D61: Biên | E61: TB | F61: F07 có shape được group | G61: 1. Chọn shape trong nhóm, đổi chữ | H61: Slide vẽ lại đúng và vẫn ở slide đó; không crash. | I61: Các sửa đổi này buộc tải lại tài liệu.
A62: PP-061 | B62: Tổng hợp | C62: Slide có ảnh rất lớn / nhiều ảnh | D62: Biên | E62: TB | F62: Bộ slide nhiều ảnh nặng | G62: 1. Cuộn qua các slide, vào sửa, Add slide | H62: Không crash vì thiếu bộ nhớ; thumbnail hiện đủ.
A63: PP-062 | B63: Tổng hợp | C63: Thumbnail luôn khớp nội dung | D63: Chức năng | E63: TB | G63: 1. Sửa chữ, di chuyển shape, xoá shape, Undo | H63: Sau mỗi thao tác thumbnail của slide đó vẽ lại đúng.
A64: PP-063 | B64: Tổng hợp | C64: File .ppt cũ | D64: Chức năng | E64: TB | F64: Mở F09 | G64: 1. Xem, bấm Play | H64: Chỉ xem; trình chiếu vẫn dùng được; không có Edit.

Sheet Office_Slideshow
A1: ID | B1: Nhóm | C1: Tên test case | D1: Loại | E1: Ưu tiên | F1: Tiền điều kiện | G1: Các bước | H1: Kết quả mong đợi | I1: Ghi chú (từ phân tích code) | J1: Kết quả | K1: Thực tế / ghi chú của tester | L1: Thiết bị / bản build
A2: SS-001 | B2: Bắt đầu | C2: Từ nút Play ở chế độ xem | D2: Chức năng | E2: Cao | F2: Mở F07, đang ở slide 3 | G2: 1. Bấm Play | H2: Màn hình xoay ngang, nền tối, hiện slide 3 toàn màn hình, nhãn "3 / N"; có nút Exit, Previous, Next, Pen, Eraser.
A3: SS-002 | B3: Bắt đầu | C3: Từ menu More → Slideshow | D3: Chức năng | E3: TB | G3: 1. More → Slideshow | H3: Như trên.
A4: SS-003 | B4: Bắt đầu | C4: Từ nút Play trên thanh sửa | D4: Chức năng | E4: TB | F4: Đang ở chế độ sửa | G4: 1. Bấm Play | H4: Như trên; bàn phím (nếu đang mở) ẩn.
A5: SS-004 | B5: Bắt đầu | C5: Từ ribbon tab Slideshow | D5: Chức năng | E5: TB | F5: Đang ở chế độ sửa | G5: 1. Tab Slideshow → Slideshow | H5: Như trên.
A6: SS-005 | B6: Bắt đầu | C6: Bắt đầu khi tài liệu chưa sẵn sàng | D6: Biên | E6: Thấp | G6: 1. Mở F08 (nặng) và bấm Play ngay | H6: Trình chiếu được, hoặc toast "The slideshow isn’t ready yet"; không crash.
A7: SS-006 | B7: Bắt đầu | C7: Trình chiếu bản đang sửa chưa lưu | D7: Chức năng | E7: Cao | F7: Đã sửa chữ + thêm slide, chưa Save | G7: 1. Bấm Play | H7: Slide hiển thị nội dung MỚI (bản đang sửa), có cả slide vừa thêm.
A8: SS-007 | B8: Bắt đầu | C8: Bấm Play khi đang nhập chữ tại chỗ | D8: Cần xác nhận | E8: TB | F8: Ô nhập trên text box đang mở, đã gõ chữ | G8: 1. Bấm Play | H8: Bàn phím ẩn; trình chiếu hiện đúng. Sau khi thoát: chữ đang gõ không mất. Ghi lại hành vi.
A9: SS-008 | B9: Điều hướng | C9: Next bằng nút và bằng chạm slide | D9: Chức năng | E9: Cao | F9: Đang trình chiếu | G9: 1. Bấm Next 2. Chạm vào slide | H9: Mỗi lần sang 1 slide; nhãn tăng.
A10: SS-009 | B10: Điều hướng | C10: Previous | D10: Chức năng | E10: Cao | G10: 1. Bấm Previous | H10: Lùi 1 slide.
A11: SS-010 | B11: Điều hướng | C11: Giới hạn đầu / cuối | D11: Biên | E11: TB | G11: 1. Ở slide 1 bấm Previous 2. Ở slide cuối bấm Next / chạm slide | H11: Không đổi slide, không crash, không thoát trình chiếu.
A12: SS-011 | B12: Điều hướng | C12: Bấm Next rất nhanh qua 20+ slide | D12: Biên | E12: TB | F12: Bộ ≥ 20 slide | G12: 1. Bấm Next liên tục | H12: Slide cuối cùng hiển thị khớp với nhãn (không bị ảnh slide cũ đến muộn đè lên).
A13: SS-012 | B13: Điều hướng | C13: Bộ chỉ có 1 slide | D13: Biên | E13: Thấp | F13: Có F16 | G13: 1. Play, bấm Next/Previous | H13: Hiện "1 / 1"; nút không gây lỗi.
A14: SS-013 | B14: Hiệu ứng | C14: Animation của shape | D14: Lỗi đã biết | E14: Cao | F14: F07 có hiệu ứng Entrance theo click | G14: 1. Trình chiếu tới slide có hiệu ứng 2. Chạm slide | H14: HIỆN TẠI: KHÔNG có hiệu ứng — slide hiện đầy đủ mọi shape ngay, chạm thì sang slide kế. (Thiết kế mong muốn: shape xuất hiện lần lượt theo hiệu ứng.) | I14: App vẽ slide thành 1 ảnh tĩnh, chưa port trình phát hiệu ứng của app cũ. Không phải lỗi SDK.
A15: SS-014 | B15: Hiệu ứng | C15: Transition giữa các slide | D15: Lỗi đã biết | E15: TB | F15: F07 có transition | G15: 1. Bấm Next | H15: HIỆN TẠI: đổi slide tức thì, không có chuyển cảnh. | I15: Như trên.
A16: SS-015 | B16: Hiệu ứng | C16: Slide ẩn (hidden) | D16: Cần xác nhận | E16: Thấp | F16: Bộ có 1 slide đặt Hidden | G16: 1. Trình chiếu qua vị trí đó | H16: Ghi lại slide ẩn có được chiếu không (PowerPoint sẽ bỏ qua).
A17: SS-016 | B17: Hiệu ứng | C17: Link trên slide | D17: Cần xác nhận | E17: Thấp | F17: Slide có hyperlink | G17: 1. Chạm vào link khi trình chiếu | H17: HIỆN TẠI (dự đoán): chạm sẽ sang slide kế, link không mở. Ghi lại.
A18: SS-017 | B18: Bút vẽ | C18: Vẽ bằng Pen | D18: Chức năng | E18: Cao | F18: Đang trình chiếu | G18: 1. Bấm Pen (nút sáng nền trắng) 2. Vẽ vài nét | H18: Nét đỏ theo ngón tay; chỉ vẽ được trong vùng slide; chạm slide KHÔNG chuyển slide khi Pen bật.
A19: SS-018 | B19: Bút vẽ | C19: Eraser | D19: Chức năng | E19: Cao | F19: Có vài nét vẽ | G19: 1. Bấm Eraser 2. Quét qua 1 nét | H19: Nét bị quét qua biến mất nguyên nét; nút Eraser sáng, Pen tắt.
A20: SS-019 | B20: Bút vẽ | C20: Tắt Pen / Eraser | D20: Chức năng | E20: TB | G20: 1. Bấm lại nút đang bật 2. Chạm slide | H20: Nút tắt sáng; chạm slide lại chuyển slide.
A21: SS-020 | B21: Bút vẽ | C21: Nét vẽ theo từng slide | D21: Chức năng | E21: TB | F21: Vẽ ở slide 2 | G21: 1. Next sang slide 3 2. Previous về slide 2 | H21: Slide 3 không có nét; về slide 2 nét còn nguyên đúng vị trí.
A22: SS-021 | B22: Bút vẽ | C22: Nét vẽ không ghi vào file | D22: Chức năng | E22: TB | F22: Đã vẽ | G22: 1. Exit 2. Xem slide ở chế độ thường, lưu, mở lại | H22: Slide không có nét vẽ; file không đổi. | I22: Nét chỉ tồn tại trong lúc màn hình còn mở.
A23: SS-022 | B23: Bút vẽ | C23: Chuyển slide bằng nút khi Pen đang bật | D23: Chức năng | E23: Thấp | F23: Pen bật | G23: 1. Bấm Next | H23: Sang slide kế, Pen vẫn bật.
A24: SS-023 | B24: Thoát | C24: Thoát bằng nút Exit | D24: Chức năng | E24: Cao | F24: Bắt đầu từ slide 1 ở chế độ xem, chiếu tới slide 4 | G24: 1. Bấm Exit | H24: Màn hình về dọc, chế độ XEM, đang ở slide 4, slide vừa khít chiều rộng (sau khoảng nửa giây).
A25: SS-024 | B25: Thoát | C25: Thoát bằng Back hệ thống | D25: Chức năng | E25: Cao | G25: 1. Bấm Back | H25: Như Exit; KHÔNG thoát khỏi màn Office.
A26: SS-025 | B26: Thoát | C26: Thoát về chế độ sửa | D26: Chức năng | E26: Cao | F26: Bắt đầu trình chiếu từ chế độ sửa | G26: 1. Exit | H26: Về chế độ SỬA (ribbon, dải slide), đúng slide đang chiếu, thay đổi chưa lưu còn nguyên.
A27: SS-026 | B27: Thoát | C27: Thoát rồi vào lại nhiều lần | D27: Biên | E27: TB | G27: 1. Play/Exit 5 lần liên tiếp | H27: Không crash, không kẹt ngang, bố cục dọc đúng mỗi lần.
A28: SS-027 | B28: Vòng đời | C28: Home / khoá màn hình khi đang trình chiếu | D28: Biên | E28: TB | G28: 1. Bấm Home, quay lại 2. Tắt/bật màn hình | H28: Vẫn ở trình chiếu đúng slide, ngang.
A29: SS-028 | B29: Vòng đời | C29: File .ppt cũ | D29: Chức năng | E29: Thấp | F29: Mở F09 | G29: 1. Play | H29: Trình chiếu hoạt động như .pptx.
A30: SS-029 | B30: Vòng đời | C30: Máy tắt tự xoay | D30: Biên | E30: Thấp | F30: Tắt tự xoay màn hình | G30: 1. Bấm Play | H30: Trình chiếu vẫn chuyển sang ngang; Exit về dọc.

Sheet PDF_EndUser
A1: ID bước | B1: Kịch bản | C1: Mục tiêu của người dùng | D1: Chuẩn bị | E1: Người dùng làm gì | F1: Người dùng thấy gì (mong đợi) | G1: Lưu ý | H1: Kết quả | I1: Thực tế / ghi chú của tester | J1: Thiết bị / bản build
A2: P01-01 | B2: P01. Mở và đọc một file PDF | C2: Tôi tải 1 file PDF về và muốn đọc nó. | D2: Đã cấp quyền bộ nhớ. Có D01 (PDF chữ, vài trang). | E2: Mở app, ở tab Files chạm D01. | F2: PDF mở ra. Thanh trên có nút quay lại, tên file, nút tìm kiếm, nút mục lục và nút chế độ đọc. Thanh dưới có: thêm chữ, ghi chú (Annotate), ký (Sign), điền form (Fill), công cụ (Tools). Có nhãn "Page 1 / N" và ô nhỏ "1 / N". | H2: Pass
A3: P01-02 | E3: Vuốt lên để đọc. | F3: Trang cuộn mượt, số trang tăng dần, trang mới nét nhanh. | H3: Pass
A4: P01-03 | E4: Chụm/giãn 2 ngón. | F4: Thu phóng theo tay, chữ nét lại sau khi thả. | H4: Pass
A5: P01-04 | E5: Nhấn giữ vào 1 từ. | F5: Từ được chọn, có 2 tay nắm và kính lúp khi kéo; hiện lựa chọn Copy. | H5: Pass
A6: P01-05 | E6: Kéo tay nắm chọn cả câu, bấm Copy, dán vào app Ghi chú. | F6: Đúng câu đã chọn được dán ra. | H6: Pass
A7: P01-06 | E7: Đọc tới trang 3, bấm quay lại, rồi mở lại D01. | F7: PDF mở lại đúng trang 3 (nhớ trang đang đọc). | H7: Pass
A8: P01-07 | E8: Từ Zalo/Gmail chạm 1 file PDF và chọn mở bằng app. | F8: PDF mở thẳng; bấm quay lại thì về Zalo/Gmail. | H8: Pass
A9: P02-01 | B9: P02. Tìm một từ trong PDF | C9: Tôi cần tìm điều khoản có chữ "thanh toán" trong hợp đồng dài. | D9: Mở D02 (PDF dài, chữ chọn được). | E9: Bấm nút tìm kiếm. | F9: Thanh tìm kiếm hiện, bàn phím bật. | H9: Pass
A10: P02-02 | E10: Gõ từ cần tìm, bấm tìm trên bàn phím. | F10: Bàn phím ẩn; có vòng chờ ngắn; tất cả chỗ khớp được tô vàng; nhảy tới kết quả gần trang đang đọc; bộ đếm kiểu "3/12". | H10: Pass
A11: P02-03 | E11: Bấm mũi tên tới nhiều lần. | F11: Nhảy lần lượt qua các kết quả, bộ đếm tăng; hết thì quay về 1. | H11: Blocked | I11: Thêm màu khác cho index search hiện tại
A12: P02-04 | E12: Bấm mũi tên lùi. | F12: Về kết quả trước; ở kết quả 1 thì vòng về kết quả cuối. | H12: Pass
A13: P02-05 | E13: Gõ "zzzxq" rồi tìm. | F13: Thông báo "No results"; không còn chỗ tô vàng. | H13: Pass
A14: P02-06 | E14: Bấm đóng thanh tìm kiếm. | F14: Về chế độ đọc; hết tô vàng; ô tìm kiếm được xoá. | H14: Pass
A15: P02-07 | E15: Mở D03 (PDF scan) và tìm 1 từ nhìn thấy trên trang. | F15: "No results" vì trang là ảnh. | G15: Giới hạn: PDF scan phải chạy OCR trước mới tìm được. | H15: Pass
A16: P03-01 | B16: P03. Mục lục, đánh dấu trang và xem trang thu nhỏ | C16: Tôi muốn nhảy nhanh tới chương cần đọc và đánh dấu trang quan trọng. | D16: Mở D02 (có mục lục). | E16: Bấm nút mục lục. | F16: Bảng có 3 thẻ: Contents, Bookmarks (0), Pages. | H16: Pass
A17: P03-02 | E17: Ở thẻ Contents chạm 1 chương. | F17: Bảng đóng, PDF nhảy tới trang của chương đó. | H17: Pass
A18: P03-03 | E18: Mở lại bảng. | F18: Chương đang đọc được đánh dấu trong danh sách. | H18: Pass
A19: P03-04 | E19: Sang thẻ Bookmarks. | F19: Ghi "No bookmarks yet" và có nút "Bookmark page N" với N là trang đang đọc. | H19: Pass
A20: P03-05 | E20: Bấm "Bookmark page N". | F20: Dòng "Page N" xuất hiện; tên thẻ đổi thành "Bookmarks (1)". | H20: Pass
A21: P03-06 | E21: Bấm nút đó lần nữa. | F21: Không tạo dòng trùng. | H21: Pass
A22: P03-07 | E22: Đóng bảng, sang trang khác, mở lại, thêm 1 đánh dấu nữa, rồi chạm đánh dấu đầu tiên. | F22: Nhảy về đúng trang đã đánh dấu; danh sách xếp theo số trang. | H22: Pass
A23: P03-08 | E23: Bấm nút xoá ở 1 đánh dấu. | F23: Dòng đó biến mất, số trên thẻ giảm. | H23: Pass
A24: P03-09 | E24: Sang thẻ Pages. | F24: Lưới trang thu nhỏ 3 cột, trang đang đọc được đánh dấu và nằm trong tầm nhìn. | H24: Pass
A25: P03-10 | E25: Chạm 1 trang thu nhỏ. | F25: Nhảy tới trang đó. | H25: Pass
A26: P03-11 | E26: Thoát app, mở lại file, mở thẻ Bookmarks. | F26: Các đánh dấu vẫn còn. | H26: Pass
A27: P03-12 | E27: Mở D01 (không có mục lục), mở thẻ Contents. | F27: Ghi "This PDF has no table of contents". | H27: Pass
A28: P04-01 | B28: P04. Đọc ban đêm và đổi kiểu lật trang | C28: Tôi đọc sách buổi tối, muốn nền tối và lật trang ngang như sách. | D28: Mở D02. | E28: Bấm nút chế độ đọc ở thanh trên. | F28: Bảng "Reading mode": 3 màu trang Normal / Night / Sepia, kiểu cuộn dọc/ngang, và Text view, Read aloud, Auto-scroll. | H28: Pass
A29: P04-02 | E29: Chọn Night. | F29: Trang thành nền tối chữ sáng; các thanh công cụ cũng tối; nhãn ghi "Page x / N · Night"; vẫn ở đúng trang đang đọc. | G29: Màn hình tự tải lại 1 lần khi đổi sang/thoát Night. | H29: Pass
A30: P04-03 | E30: Chọn Sepia. | F30: Trang ngả vàng dịu; nhãn "… · Sepia". | H30: Pass
A31: P04-04 | E31: Bấm nút Normal hiện trên thanh trên. | F31: Trở về màu trang bình thường; nút Normal biến mất. | H31: Pass
A32: P04-05 | E32: Mở bảng, chọn cuộn ngang. | F32: PDF tải lại đúng trang đang đọc; vuốt ngang để lật, mỗi lần dừng đúng 1 trang. | H32: Pass
A33: P04-06 | E33: Chọn lại cuộn dọc. | F33: Cuộn dọc liên tục như cũ. | H33: Pass
A34: P04-07 | E34: Chọn Night, thoát app, mở 1 file PDF KHÁC. | F34: File khác cũng mở ở Night (cài đặt đọc dùng chung). | G34: Cần xác nhận: màu trang và hướng cuộn áp dụng cho mọi file hay từng file. | H34: Pass
A35: P05-01 | B35: P05. Xem dạng chữ (Text view) | C35: Chữ trong PDF quá nhỏ trên điện thoại, tôi muốn đọc dạng chữ tự xuống dòng. | D35: Mở D02 ở trang 5. | E35: Chế độ đọc → Text view. | F35: Màn "Text view" ("Text reflows to fit the screen") hiện chữ của tài liệu theo đoạn, có tiêu đề "Page N" trước mỗi trang, bắt đầu ở trang 5. | H35: Pass
A36: P05-02 | E36: Kéo thanh cỡ chữ. | F36: Chữ to/nhỏ ngay, tự xuống dòng vừa màn hình. | H36: Pass
A37: P05-03 | E37: Cuộn xuống. | F37: Các trang sau lần lượt hiện ra. | H37: Pass
A38: P05-04 | E38: Bấm quay lại rồi mở Text view lần nữa. | F38: Cỡ chữ đã chọn được nhớ. | H38: Pass
A39: P05-05 | E39: Mở Text view với D03 (PDF scan). | F39: Màn trống kèm thông báo không có chữ. | G39: Giới hạn: PDF scan không có lớp chữ. | H39: Pass
A40: P06-01 | B40: P06. Nghe đọc PDF | C40: Tôi muốn nghe đọc tài liệu khi đang làm việc khác. | D40: Mở D07 (PDF tiếng Anh). Máy có sẵn giọng đọc (Text-to-speech). | E40: Chế độ đọc → Read aloud. | F40: Thanh dưới đổi thành thanh phát: tiêu đề "Reading page N", nút lùi câu, tạm dừng, tới câu, đóng. Máy bắt đầu đọc từ trang đang xem. | H40: Pass
A41: P06-02 | E41: Nhìn trang khi đang đọc. | F41: Câu đang đọc được tô sáng và đổi theo từng câu. | H41: Pass
A42: P06-03 | E42: Bấm tạm dừng, rồi bấm phát. | F42: Dừng ngay; phát tiếp đúng câu đang dở; biểu tượng nút đổi theo. | H42: Pass
A43: P06-04 | E43: Bấm tới câu, lùi câu. | F43: Nhảy sang câu kế / câu trước và tô sáng theo. | H43: Pass
A44: P06-05 | E44: Để máy đọc hết trang. | F44: Tự sang trang kế, PDF cuộn theo, tiêu đề đổi số trang. | H44: Pass
A45: P06-06 | E45: Để yên 2 phút. | F45: Màn hình không tự tắt khi đang đọc. | H45: Pass
A46: P06-07 | E46: Bấm nút quay lại của điện thoại. | F46: Dừng đọc, thanh dưới về bình thường, KHÔNG thoát khỏi file. | H46: Pass
A47: P06-08 | E47: Bật Read aloud với D03 (PDF scan) hoặc trên máy không có giọng đọc. | F47: Không đọc được; thông báo "Text to speech is not available" hoặc tự dừng; không treo. | H47: Fail | I47: Không có action
A48: P07-01 | B48: P07. Tự cuộn trang | C48: Tôi vừa ăn vừa đọc, muốn trang tự chạy. | D48: Mở D02. | E48: Chế độ đọc → Auto-scroll. | F48: Trang tự cuộn chậm; thanh dưới ghi "Auto-scroll · speed N" với nút giảm, tăng và đóng. | H48: Pass
A49: P07-02 | E49: Bấm tăng nhiều lần. | F49: Cuộn nhanh dần, số tốc độ tăng tới tối đa 10 rồi dừng tăng. | H49: Blocked | I49: Ui ui chưa thể hiện
A50: P07-03 | E50: Bấm giảm nhiều lần. | F50: Chậm dần tới tối thiểu 1. | H50: Blocked | I50: Ui ui chưa thể hiện
A51: P07-04 | E51: Để chạy tới cuối tài liệu. | F51: Tự dừng ở trang cuối, thanh dưới về bình thường. | H51: Pass
A52: P07-05 | E52: Bật lại rồi bấm đóng. | F52: Dừng tại chỗ. | H52: Pass
A53: P07-06 | E53: Bật lại lần sau. | F53: Tốc độ lần trước được nhớ. | H53: Pass
A54: P07-07 | E54: Đổi sang cuộn ngang rồi bật Auto-scroll. | F54: Trang tự chạy theo chiều ngang. | H54: Pass
A55: P08-01 | B55: P08. Mở PDF có mật khẩu và file lỗi | C55: Ngân hàng gửi sao kê có mật khẩu; đôi khi tôi mở nhầm file hỏng. | D55: Có D05 (có mật khẩu, biết mật khẩu), D08 (file hỏng). | E55: Mở D05. | F55: Hộp nhập mật khẩu, chưa thấy nội dung. | H55: Pass
A56: P08-02 | E56: Nhập sai. | F56: Hộp hiện lại, báo sai mật khẩu. | H56: Pass
A57: P08-03 | E57: Nhập đúng. | F57: PDF mở bình thường. | H57: Pass
A58: P08-04 | E58: Mở lại D05, bấm huỷ ở hộp mật khẩu. | F58: Quay về danh sách file. | H58: Pass
A59: P08-05 | E59: Mở D08. | F59: Hộp thoại "Can’t open file" báo file hỏng hoặc không hợp lệ; bấm Got it thì về danh sách. | H59: Pass
A60: P08-06 | E60: Xoá 1 file PDF bằng app khác rồi chạm nó trong danh sách cũ. | F60: Báo không tìm thấy hoặc không đọc được file. | H60: Pass
A61: P09-01 | B61: P09. Thêm chữ vào PDF | C61: Tôi cần điền tên và ngày vào 1 tờ đơn PDF không có ô nhập. | D61: Mở D01. | E61: Bấm nút thêm chữ ở thanh dưới. | F61: Vào chế độ thêm chữ: thanh trên có đóng, hoàn tác, làm lại, lưu; thanh dưới có nút cỡ chữ −/+ (đang 13) và 3 chấm màu. | H61: Fail | I61: Khung viền bị tràn khỏ text
A62: P09-02 | E62: Chạm vào chỗ trống trên trang. | F62: Hộp "Add text" hiện để nhập. | H62: Pass
A63: P09-03 | E63: Gõ "Nguyễn Văn A", bấm Done. | F63: Chữ hiện đúng chỗ vừa chạm, đúng cỡ và màu đang chọn. | H63: Pass
A64: P09-04 | E64: Bấm + vài lần, chọn màu đỏ, chạm chỗ khác và thêm chữ nữa. | F64: Chữ mới to hơn và màu đỏ; chữ cũ không đổi. Cỡ chữ không vượt quá 48 và không nhỏ hơn 8. | H64: Fail | I64: Màu chữ không hoạt động
A65: P09-05 | E65: Chạm vào dòng chữ vừa thêm. | F65: Chữ được chọn (có khung), hiện nút xoá nổi. | H65: Pass
A66: P09-06 | E66: Kéo dòng chữ sang vị trí khác. | F66: Chữ đi theo ngón tay và nằm lại ở chỗ mới. | H66: Pass
A67: P09-07 | E67: Chọn 1 dòng chữ, bấm nút xoá. | F67: Dòng chữ biến mất. | H67: Pass
A68: P09-08 | E68: Bấm hoàn tác, rồi làm lại. | F68: Chữ trở lại, rồi lại bị xoá; nút mờ khi hết bước. | H68: Pass
A69: P09-09 | E69: Bấm hộp nhập rồi huỷ / để trống. | F69: Không thêm gì. | H69: Pass
A70: P09-10 | E70: Bấm lưu. | F70: Thông báo "Saved"; về chế độ đọc; chữ vẫn nằm trên trang. | H70: Pass
A71: P09-11 | E71: Thoát app, mở lại file; mở file bằng 1 app PDF khác. | F71: Chữ đã thêm còn nguyên ở cả hai nơi. | H71: Pass
A72: P10-01 | B72: P10. Tô sáng và gạch chân chữ | C72: Tôi ôn thi, muốn tô sáng ý chính. | D72: Mở D01 (chữ chọn được). | E72: Bấm Annotate ở thanh dưới. | F72: Hàng công cụ: Select, Pen, Highlight, Text, Note, Shapes, Image, Eraser; 5 chấm màu; thanh độ dày nét. Highlight đang được chọn. | H72: Pass
A73: P10-02 | E73: Nhấn giữ và kéo chọn 1 câu. | F73: Câu được chọn; hiện thanh nổi có 3 nút: tô sáng, gạch chân, gạch ngang. | H73: Pass
A74: P10-03 | E74: Bấm tô sáng. | F74: Câu được tô màu trong suốt theo màu đang chọn; vùng chọn mất. | H74: Pass
A75: P10-04 | E75: Chọn màu xanh, chọn câu khác, bấm gạch chân. | F75: Câu có gạch chân xanh. | H75: Pass
A76: P10-05 | E76: Chọn câu khác, bấm gạch ngang. | F76: Câu bị gạch ngang. | H76: Pass
A77: P10-06 | E77: Chọn công cụ Eraser, chạm vào 1 chỗ đã tô. | F77: Chỗ tô đó biến mất. | H77: Pass
A78: P10-07 | E78: Bấm hoàn tác. | F78: Chỗ tô trở lại. | H78: Pass
A79: P10-08 | E79: Bấm lưu. | F79: "Saved"; về chế độ đọc; các chỗ tô còn nguyên. | H79: Pass
A80: P10-09 | E80: Thử với D03 (PDF scan): nhấn giữ vào chữ. | F80: Không chọn được chữ nên không tô được. | G80: Giới hạn: PDF scan; dùng Pen hoặc chạy OCR trước. | H80: Blocked | I80: Cần chayh ocr để đọc
A81: P11-01 | B81: P11. Vẽ tay, ghi chú, vẽ hình và chèn ảnh | C81: Tôi duyệt bản thiết kế và muốn khoanh, ghi nhận xét, chèn ảnh minh hoạ. | D81: Mở D01, bấm Annotate. Có ảnh trong thư viện. | E81: Chọn Pen, chọn màu đỏ, vẽ khoanh 1 vùng. | F81: Nét đỏ theo ngón tay; trang KHÔNG cuộn khi đang vẽ bằng 1 ngón. | H81: Pass
A82: P11-02 | E82: Kéo thanh độ dày lên cao, vẽ nét nữa. | F82: Nét mới dày hơn; nét cũ không đổi. | H82: Pass
A83: P11-03 | E83: Chọn Text, chạm vào trang, nhập chữ. | F83: Chữ hiện tại chỗ chạm với màu đang chọn. | H83: Pass
A84: P11-04 | E84: Chọn Note, chạm vào trang, nhập nội dung, Done. | F84: Biểu tượng ghi chú hiện tại chỗ chạm. | H84: Pass
A85: P11-05 | E85: Chọn Select, chạm biểu tượng ghi chú. | F85: Hộp nhập mở lại với nội dung cũ để sửa. | H85: Fail | I85: Không mở hôpk thoại
A86: P11-06 | E86: Chọn Shapes. | F86: Danh sách: Rectangle, Ellipse, Line, Arrow. | H86: Pass
A87: P11-07 | E87: Chọn Rectangle, kéo trên trang. | F87: Hình chữ nhật viền màu đang chọn được vẽ theo đường kéo. | H87: Pass
A88: P11-08 | E88: Lặp lại với Ellipse, Line, Arrow. | F88: Vẽ đúng elip, đường thẳng, mũi tên (đầu mũi tên ở điểm thả). | H88: Pass
A89: P11-09 | E89: Chọn Image, chọn 1 ảnh. | F89: Ảnh hiện giữa màn hình, đang được chọn, công cụ tự chuyển sang Select. | H89: Pass
A90: P11-10 | E90: Kéo ảnh, kéo góc để đổi kích thước. | F90: Ảnh di chuyển và co giãn, không méo. | H90: Pass
A91: P11-11 | E91: Chọn 1 hình, bấm nút xoá nổi. | F91: Hình bị xoá. | H91: Pass
A92: P11-12 | E92: Dùng 2 ngón cuộn/zoom khi đang ở Select. | F92: Trang vẫn cuộn và zoom được. | H92: Pass
A93: P11-13 | E93: Bấm lưu, mở file bằng app PDF khác. | F93: Nét vẽ, chữ, ghi chú, hình, ảnh đều còn và đúng vị trí. | H93: Pass
A94: P12-01 | B94: P12. Ký tên lên hợp đồng | C94: Tôi cần ký hợp đồng PDF và gửi lại ngay. | D94: Mở D01. | E94: Bấm Sign ở thanh dưới. | F94: Bảng "Your signature" mở với 4 thẻ: Draw, Type, Image, Saved (0); 3 màu mực; ô chọn lưu cho lần sau (đang bật); nút Clear và Use. | H94: Pass
A95: P12-02 | E95: Bấm Use khi chưa vẽ gì. | F95: Thông báo "Add your signature first". | H95: Pass
A96: P12-03 | E96: Vẽ chữ ký, đổi màu xanh, bấm Clear, vẽ lại. | F96: Nét đổi màu; Clear xoá sạch vùng vẽ. | H96: Pass
A97: P12-04 | E97: Bấm Use. | F97: Bảng đóng; chữ ký hiện giữa trang, đang được chọn. | H97: Pass
A98: P12-05 | E98: Kéo chữ ký tới dòng ký tên, kéo góc để thu nhỏ. | F98: Chữ ký tới đúng chỗ, kích thước vừa. | H98: Pass
A99: P12-06 | E99: Bấm nút nhân bản nổi. | F99: Thêm 1 chữ ký giống hệt ở giữa trang (để ký trang khác). | H99: Pass
A100: P12-07 | E100: Bấm nút ngày ở thanh dưới. | F100: Ngày hôm nay được thêm giữa trang; kéo tới cạnh chữ ký. | H100: Pass
...

Sheet PDF_BienVaLoi
A1: ID | B1: Nhóm | C1: Tên ca | D1: Chuẩn bị | E1: Các bước | F1: Kết quả mong đợi | G1: Lưu ý | H1: Kết quả | I1: Thực tế / ghi chú của tester | J1: Thiết bị / bản build
A2: B-001 | B2: Trình đọc | C2: PDF 1 trang | D2: Có D09 | E2: Mở, cuộn, mở mục lục → Pages, bật Auto-scroll. | F2: Nhãn "Page 1 / 1"; Auto-scroll dừng ngay; không lỗi.
A3: B-002 | B3: Trình đọc | C3: PDF rất nặng | D3: Có D06 | E3: Mở, cuộn nhanh tới cuối, zoom lớn. | F3: Không crash vì thiếu bộ nhớ; trang trắng tạm thời rồi nét lại.
A4: B-003 | B4: Trình đọc | C4: PDF trang ngang / cỡ trang hỗn hợp | D4: Có D10 | E4: Mở, cuộn dọc rồi đổi sang cuộn ngang. | F4: Mỗi trang hiển thị đúng tỷ lệ, không bị cắt.
A5: B-004 | B5: Trình đọc | C5: Tìm kiếm chuỗi đặc biệt | D5: Mở D02 | E5: Tìm: 1 ký tự, chuỗi có dấu, HOA/thường, có dấu cách đầu/cuối, chuỗi 200 ký tự. | F5: Không crash. Dấu cách đầu/cuối được bỏ. Ghi lại có phân biệt hoa/thường không.
A6: B-005 | B6: Trình đọc | C6: Tìm kiếm rỗng | D6: Mở D02 | E6: Mở tìm kiếm, bấm tìm khi ô trống. | F6: Không có gì xảy ra.
A7: B-006 | B7: Trình đọc | C7: Đóng tìm kiếm khi đang tìm trong file dài | D7: Mở D02 | E7: Gõ từ, bấm tìm, đóng thanh ngay khi còn vòng chờ. | F7: Về chế độ đọc; kết quả đến muộn không làm hiện lại tô vàng.
A8: B-007 | B8: Trình đọc | C8: Quay lại khi bảng mục lục đang mở | D8: Mở D02 | E8: Mở mục lục, bấm quay lại của điện thoại. | F8: Chỉ đóng bảng, không thoát file.
A9: B-008 | B9: Trình đọc | C9: Nhớ trang đọc theo từng file | E9: Đọc D01 tới trang 3, D02 tới trang 20; mở lại từng file. | F9: Mỗi file mở đúng trang của nó.
A10: B-009 | B10: Trình đọc | C10: Đổi Night khi đang có chỉnh sửa chưa lưu | D10: Mở D01, thêm chữ chưa lưu | E10: Thoát chế độ sửa bằng Cancel/ở lại, rồi tìm cách đổi sang Night. | F10: Ghi lại: chỉnh sửa chưa lưu có bị mất khi màn hình tải lại không. | G10: Cần xác nhận: đổi Night làm màn hình tạo lại.
A11: B-010 | B11: Trình đọc | C11: Read aloud khi đổi chế độ | D11: Đang Read aloud | E11: Bấm tìm kiếm / Annotate / mở mục lục. | F11: Đọc dừng ngay; chế độ mới mở bình thường.
A12: B-011 | B12: Trình đọc | C12: Read aloud + cuộc gọi đến | D12: Đang Read aloud | E12: Nhận cuộc gọi, kết thúc. | F12: Không đọc đè lên cuộc gọi; sau đó phát tiếp được hoặc đã dừng — không treo.
A13: B-012 | B13: Trình đọc | C13: Read aloud tiếng Việt | D13: PDF tiếng Việt, máy có giọng Việt | E13: Bật Read aloud. | F13: Đọc đúng tiếng Việt; ghi lại nếu đọc bằng giọng Anh. | G13: Cần xác nhận
A14: B-013 | B14: Trình đọc | C14: Chọn chữ ở chế độ Night/Sepia | D14: Night đang bật | E14: Nhấn giữ chọn chữ, copy. | F14: Vùng chọn nhìn rõ; copy đúng.
A15: B-014 | B15: Trình đọc | C15: Mật khẩu + các tính năng đọc | D15: Mở D05 bằng mật khẩu đúng | E15: Mở mục lục → Pages; Text view; Read aloud. | F15: Trang thu nhỏ, chữ và giọng đọc đều hoạt động.
A16: B-015 | B16: Trình đọc | C16: Xoay máy | D16: Bật tự xoay | E16: Xoay ngang khi đọc và khi đang sửa. | F16: Màn hình giữ dọc; không mất chỉnh sửa.
A17: B-016 | B17: Sửa | C17: Thêm chữ tiếng Việt, nhiều dòng, rất dài | D17: Mở D01, thêm chữ | E17: Nhập chữ có dấu; nhập 3 dòng; nhập 300 ký tự. | F17: Hiển thị đúng dấu; không tràn mất kiểm soát; lưu và mở lại đúng. | G17: Cần xác nhận: chữ có dấu trong PDF đã lưu.
A18: B-017 | B18: Sửa | C18: Thêm chữ sát mép trang / giữa 2 trang | D18: Mở D01, thêm chữ | E18: Chạm sát mép phải, sát đáy, vào khe giữa 2 trang. | F18: Chữ nằm trong trang hoặc không thêm; không crash.
A19: B-018 | B19: Sửa | C19: Hoàn tác nhiều bước xuyên loại thao tác | D19: Annotate | E19: Vẽ, tô sáng, thêm hình, thêm ảnh, di chuyển; hoàn tác hết rồi làm lại hết. | F19: Lùi/tiến đúng thứ tự; trang về trạng thái ban đầu rồi về trạng thái cuối.
A20: B-019 | B20: Sửa | C20: Chuyển giữa các chế độ sửa khi chưa lưu | D20: Mở D01 | E20: Thêm chữ (chưa lưu) → đóng (Cancel) → lưu; hoặc đang Annotate bấm Tools → Sign. | F20: Ghi lại: chỉnh sửa trước có còn không; không mất dữ liệu âm thầm. | G20: Cần xác nhận
A21: B-020 | B21: Sửa | C21: Eraser chạm vào chỗ không có gì | D21: Annotate → Eraser | E21: Chạm vùng trống và chạm vào chữ gốc của PDF. | F21: Không có gì bị xoá.
A22: B-021 | B22: Sửa | C22: Eraser với ghi chú có sẵn từ app khác | D22: PDF đã có highlight từ app khác | E22: Eraser chạm vào highlight cũ. | F22: Ghi lại: xoá được hay không; không hỏng file. | G22: Cần xác nhận
A23: B-022 | B23: Sửa | C23: Vẽ Pen qua 2 trang | D23: Annotate → Pen | E23: Vẽ 1 nét kéo từ trang 1 sang trang 2. | F23: Không crash; nét nằm trên trang bắt đầu hoặc được tách — ghi lại.
A24: B-023 | B24: Sửa | C24: Chèn ảnh rất lớn / ảnh hỏng / huỷ chọn | D24: Annotate → Image | E24: Chọn ảnh 12MP+; chọn file không phải ảnh; huỷ trình chọn. | F24: Ảnh lớn chèn được (được thu nhỏ); file hỏng báo lỗi; huỷ thì không đổi gì.
A25: B-024 | B25: Sửa | C25: Lưu thất bại | D25: Bộ nhớ gần đầy hoặc file chỉ đọc | E25: Sửa rồi bấm lưu. | F25: Thông báo "Couldn’t save the file"; vẫn ở chế độ sửa; chỉnh sửa không mất; file gốc không hỏng.
A26: B-025 | B26: Sửa | C26: Sửa file mở từ app khác | D26: Mở PDF từ Zalo/Gmail | E26: Ký, lưu, quay lại app gốc; mở lại file từ app này. | F26: Thay đổi lưu vào bản sao trong app; ghi lại người dùng tìm lại bản đã ký ở đâu. | G26: Cần xác nhận: bản đã sửa nằm trong vùng riêng của app.
A27: B-026 | B27: Sửa | C27: Sửa PDF có mật khẩu | D27: Mở D05 | E27: Thêm chữ, lưu, mở lại. | F27: Lưu được; ghi lại file còn hỏi mật khẩu không. | G27: Cần xác nhận
A28: B-027 | B28: Ký | C28: Bỏ tích lưu chữ ký | D28: Sign | E28: Bỏ tích ô lưu, vẽ, Use; mở lại bảng. | F28: Số trong thẻ Saved không tăng.
A29: B-028 | B29: Ký | C29: Đóng bảng chữ ký không dùng | D29: Sign | E29: Vẽ rồi bấm X. | F29: Không có chữ ký nào được đặt; vẫn ở chế độ ký.
A30: B-029 | B30: Ký | C30: Thẻ Saved trống | D30: Chưa lưu chữ ký nào | E30: Mở thẻ Saved, bấm Use. | F30: Có dòng báo chưa có chữ ký; Use báo "Add your signature first".
A31: B-030 | B31: Ký | C31: Thẻ Type để trống / chỉ dấu cách | D31: Sign → Type | E31: Bấm Use. | F31: "Add your signature first".
A32: B-031 | B32: Ký | C32: Chữ ký trên nhiều trang | D32: PDF ≥ 3 trang | E32: Đặt chữ ký trang 1, cuộn sang trang 3, nhân bản, kéo vào chỗ ký, lưu. | F32: Mỗi chữ ký nằm đúng trang đã đặt.
A33: B-032 | B33: Form | C33: Ô chỉ đọc và nút bấm | D33: D04 có ô read-only | E33: Bấm tới ô liên tục. | F33: Bỏ qua ô chỉ đọc và nút bấm; bộ đếm chỉ tính ô điền được.
A34: B-033 | B34: Form | C34: Chữ dài hơn ô | D34: D04 | E34: Nhập 200 ký tự vào ô ngắn. | F34: Không crash; chữ bị cắt hoặc thu nhỏ trong ô.
A35: B-034 | B35: Form | C35: Thoát form khi chưa lưu | D35: Đã điền vài ô | E35: Bấm đóng. | F35: Hỏi "Discard changes?"; Discard thì các ô về trống.
A36: B-035 | B36: Sắp xếp trang | C36: PDF 1 trang | D36: Có D09 | E36: Chọn trang, bấm xoá. | F36: "A PDF needs at least one page".
A37: B-036 | B37: Sắp xếp trang | C37: Xuất ảnh với trang trắng mới thêm | D37: Organize | E37: Thêm trang trắng, chỉ chọn nó, bấm xuất ảnh. | F37: Báo lỗi nhẹ, không xuất (trang chưa có trong file đã lưu).
A38: B-037 | B38: Sắp xếp trang | C38: Xuất ảnh với PDF có mật khẩu | D38: Mở D05 → Tools → Pages | E38: Chọn trang, bấm xuất ảnh. | F38: Báo lỗi, không xuất. | G38: Giới hạn: chưa hỗ trợ xuất ảnh từ file có mật khẩu.
A39: B-038 | B39: Sắp xếp trang | C39: Save khi không đổi gì | D39: Organize | E39: Bấm Save ngay. | F39: Đóng màn, không báo gì, file không đổi.
A40: B-039 | B40: Sắp xếp trang | C40: Quay lại trong lúc đang lưu | D40: PDF nhiều trang | E40: Bấm Save rồi bấm quay lại ngay. | F40: Không thoát giữa chừng; lưu xong mới về.
A41: B-040 | B41: Sắp xếp trang | C41: PDF 200+ trang | D41: PDF rất dài | E41: Cuộn nhanh lưới, kéo trang từ đầu xuống cuối. | F41: Trang thu nhỏ tải dần, kéo thả mượt, không crash.
A42: B-041 | B42: Sắp xếp trang | C42: Đánh dấu trang và trang đọc sau khi đổi thứ tự | D42: Đã có bookmark ở trang 5 | E42: Đảo trang rồi Save, mở Bookmarks. | F42: Ghi lại: bookmark trỏ theo số trang cũ hay theo nội dung. | G42: Cần xác nhận
A43: B-042 | B43: Chọn file | C43: Chọn file trùng 2 lần qua Browse | D43: Merge | E43: Chọn A trong danh sách rồi Browse chọn lại A. | F43: Ghi lại có bị trùng trong danh sách ghép không. | G43: Cần xác nhận: file Browse là bản sao nên có thể không được coi là trùng.
A44: B-043 | B44: Chọn file | C44: File Browse 0 byte / không đọc được | E44: Browse chọn 1 file rỗng. | F44: Thông báo không mở được; ở lại màn chọn.
A45: B-044 | B45: Chọn file | C45: File Browse không phải PDF (đổi đuôi) | E45: Chọn file .txt đổi đuôi .pdf cho Split. | F45: "Could not open this PDF", màn công cụ đóng.
A46: B-045 | B46: Merge | C46: Ghép file có mật khẩu | D46: Có D05 | E46: Ghép D01 + D05. | F46: Báo cần mật khẩu hoặc "Could not merge these PDFs"; không tạo file lỗi. | G46: Giới hạn
A47: B-046 | B47: Merge | C47: Ghép 20 file / file rất lớn | E47: Chọn 20 PDF. | F47: Tiến độ chạy đều; hoàn tất hoặc báo lỗi rõ; không treo.
A48: B-047 | B48: Merge | C48: Ghép chính nó 2 lần | E48: Chọn A, thêm file → chọn lại A. | F48: Chỉ có 1 dòng A (không trùng).
A49: B-048 | B49: Split | C49: Khoảng chồng nhau | D49: Split theo khoảng | E49: Nhập 1–5 và 3–8. | F49: Cho phép; mỗi file có đúng khoảng của mình.
A50: B-049 | B50: Split | C50: PDF 1 trang | D50: Có D09 | E50: Thử cả 3 cách. | F50: Mỗi cách ra 1 file 1 trang; không lỗi.
A51: B-050 | B51: Split | C51: Mỗi trang 1 file với PDF 100 trang | E51: Chạy. | F51: Ra 100 file đặt tên theo số trang; màn thành công ghi 100 files; Files không bị lag.
A52: B-051 | B52: Compress | C52: PDF đã nén sẵn | D52: File vừa nén High | E52: Nén tiếp High. | F52: Không lỗi; dung lượng gần như không đổi; không hiện nhãn phần trăm nếu không nhỏ hơn.
A53: B-052 | B53: Protect | C53: PDF đã có mật khẩu | D53: Có D05 | E53: Protect D05. | F53: Báo cần mật khẩu / không xử lý được. | G53: Giới hạn
A54: B-053 | B54: Protect | C54: Mật khẩu rất dài / 1 ký tự | E54: Thử 1 ký tự và 100 ký tự. | F54: Tạo được và mở lại được bằng đúng mật khẩu.
A55: B-054 | B55: Watermark | C55: Chữ rất dài / nhiều dòng / emoji | E55: Nhập 100 ký tự, emoji. | F55: Xem trước co chữ vừa trang; kết quả không tràn; ghi lại emoji hiển thị thế nào. | G55: Cần xác nhận
A56: B-055 | B56: Watermark | C56: PDF trang ngang và cỡ hỗn hợp | D56: Có D10 | E56: Áp watermark. | F56: Chữ nằm giữa và vừa mỗi trang dù cỡ khác nhau.
A57: B-056 | B57: Redact | C57: Khung rất nhỏ / ra ngoài trang | E57: Chạm 1 cái (không kéo); kéo vượt mép trang. | F57: Chạm không tạo khung; khung bị giới hạn trong trang.
A58: B-057 | B58: Redact | C58: Che ảnh | D58: PDF có ảnh | E58: Vẽ khung lên ảnh. | F58: Vùng ảnh bị che đen trong kết quả.
A59: B-058 | B59: Redact | C59: Tìm chữ trên PDF scan | D59: D03 | E59: Tìm chữ. | F59: "No result found". | G59: Giới hạn
A60: B-059 | B60: OCR | C60: PDF đã có chữ | D60: D01 | E60: Chạy OCR. | F60: Không lỗi; chữ vẫn chọn/tìm được, không bị nhân đôi khi copy. | G60: Cần xác nhận
A61: B-060 | B61: OCR | C61: Scan nghiêng / mờ / viết tay | E61: Chạy OCR. | F61: Hoàn tất; độ chính xác thấp là chấp nhận được; không crash.
A62: B-061 | B62: Translate | C62: PDF nhiều ngôn ngữ / không nhận ra ngôn ngữ | E62: Mở Translate. | F62: Ô "từ" để tự nhận diện; nếu không nhận ra khi chạy: "Could not recognize the language of this PDF".
A63: B-062 | B63: Translate | C63: Mất mạng giữa lúc tải ngôn ngữ | E63: Bật chế độ máy bay khi đang tải. | F63: Báo lỗi tải ngôn ngữ; thử lại sau khi có mạng thì được.
A64: B-063 | B64: Translate | C64: Dịch lại cùng file | E64: Dịch 2 lần liên tiếp. | F64: Lần 2 nhanh hơn (đã có ngôn ngữ); kết quả giống.
A65: B-064 | B65: Translate | C65: Lưu bản dịch 2 lần | D65: Màn kết quả | E65: Bấm lưu; quay lại dịch và lưu nữa. | F65: Hai file tên khác nhau, không ghi đè.
A66: B-065 | B66: PDF to images | C66: PDF 100 trang | E66: Chạy. | F66: Tiến độ theo trang; huỷ giữa chừng thì các ảnh đã tạo bị xoá.
A67: B-066 | B67: Images to PDF | C67: Ảnh rất lớn, ảnh PNG trong suốt, ảnh HEIC, GIF | D67: Có các ảnh đó | E67: Tạo PDF. | F67: Tạo được; nền trong suốt thành trắng; ảnh lỗi báo "Could not convert images to PDF". | G67: Cần xác nhận
A68: B-067 | B68: Images to PDF | C68: 50 ảnh | E68: Chọn 50 ảnh, kéo sắp xếp, tạo. | F68: Lưới mượt; file đủ 50 trang.
A69: B-068 | B69: Images to PDF | C69: Ảnh có hướng EXIF xoay | D69: Ảnh chụp dọc bằng camera | E69: Tạo PDF. | F69: Ảnh đứng đúng chiều trong PDF. | G69: Cần xác nhận
A70: B-069 | B70: ZIP | C70: File trùng tên từ 2 thư mục | D70: 2 file cùng tên khác thư mục | E70: Tạo ZIP. | F70: Cả 2 có trong ZIP (được đổi tên) hoặc báo rõ; không âm thầm mất 1 file. | G70: Cần xác nhận
A71: B-070 | B71: ZIP | C71: File rất lớn / tổng > 500 MB | E71: Tạo ZIP. | F71: Có tiến độ; hết bộ nhớ thì báo "Could not create the ZIP file".
A72: B-071 | B72: Xử lý | C72: Chạy 2 công cụ liên tiếp | E72: Bắt đầu OCR file lớn, bấm Home, mở lại app, vào Tools chạy Compress. | F72: Ghi lại: công việc thứ 2 có chờ / bị từ chối / thay thế công việc đang chạy. | G72: Cần xác nhận: hệ thống chỉ chạy 1 công việc một lúc.
A73: B-072 | B73: Xử lý | C73: Hết bộ nhớ khi đang xử lý | D73: Bộ nhớ gần đầy | E73: Chạy PDF to images với file dài. | F73: Báo lỗi lưu trữ; không để lại file dở.
A74: B-073 | B74: Xử lý | C74: Tên kết quả trùng | E74: Chạy cùng 1 công cụ 3 lần trên 1 file. | F74: 3 file kết quả tên khác nhau.
A75: B-074 | B75: Xử lý | C75: Màn thành công sau khi xoay / đổi theme | E75: Ở màn thành công đổi dark mode hệ thống. | F75: Màn vẫn hiển thị đúng kết quả.
A76: B-075 | B76: Premium | C76: Công cụ có nhãn Premium | E76: Mở Protect, Redact, OCR. | F76: Có nhãn Premium ở lưới Tools nhưng dùng được bình thường, không bị chặn. | G76: Giới hạn: chưa có thanh toán, chưa khoá tính năng.
A77: B-076 | B77: Premium | C77: Màn Premium | E77: Mở màn Premium từ Settings hoặc thẻ mở khoá ở kết quả dịch; bấm mua, bấm khôi phục. | F77: Chỉ hiện thông báo, không có giao dịch. | G77: Giới hạn
A78: B-077 | B78: Scanner | C78: Thu hồi quyền camera khi app đang mở | E78: Vào Cài đặt thu hồi quyền, quay lại màn scan. | F78: Hỏi lại quyền hoặc báo cần quyền; không crash.
A79: B-078 | B79: Scanner | C79: Từ chối quyền vĩnh viễn | D79: Đã chọn không hỏi lại | E79: Mở Scan. | F79: Có thông báo cần quyền; ghi lại có dẫn tới Cài đặt không. | G79: Cần xác nhận
A80: B-079 | B80: Scanner | C80: Chọn ảnh thư viện không phải giấy tờ | E80: Chọn ảnh phong cảnh. | F80: Vào chỉnh góc với khung toàn ảnh; vẫn đi tiếp được.
A81: B-080 | B81: Scanner | C81: Kéo các góc chéo nhau | D81: Màn chỉnh góc | E81: Kéo góc trên trái xuống dưới phải. | F81: Không crash; khung không bị lật hoặc kết quả vẫn hợp lệ.
A82: B-081 | B82: Scanner | C82: Xoá hết các trang | D82: Màn bộ lọc, 1 trang | E82: Bấm xoá. | F82: Quay về camera hoặc Save PDF bị vô hiệu; không tạo PDF rỗng. | G82: Cần xác nhận
A83: B-082 | B83: Scanner | C83: Bấm Save PDF nhiều lần | E83: Bấm liên tục. | F83: Chỉ tạo 1 file.
A84: B-083 | B84: Scanner | C84: Auto chụp khi đang di chuyển | E84: Lia máy liên tục qua tờ giấy. | F84: Không tự chụp ảnh nhoè; chỉ chụp khi giữ yên.
A85: B-084 | B85: Scanner | C85: Điện thoại nóng / pin yếu / camera bị app khác giữ | E85: Mở Scan khi app camera khác đang chạy nền. | F85: Báo lỗi nhẹ, không crash.
A86: B-085 | B86: Chung | C86: Dark theme toàn bộ màn PDF | D86: Dark mode | E86: Đi qua trình đọc, các chế độ sửa, bảng, Organize, mọi công cụ, scanner. | F86: Màu tối nhất quán, chữ đọc được.
A87: B-086 | B87: Chung | C87: Đổi ngôn ngữ app | D87: Chọn ngôn ngữ khác | E87: Đi qua các màn trên. | F87: Nhãn đổi theo ngôn ngữ; ghi lại chỗ còn tiếng Anh.
A88: B-087 | B88: Chung | C88: Mất mạng | D88: Tắt mạng | E88: Dùng mọi tính năng PDF trừ dịch lần đầu. | F88: Hoạt động bình thường (xử lý trên máy); ghi lại nếu có hộp thoại mất mạng chặn. | G88: Cần xác nhận: app có hộp thoại mất mạng tự hiện.
A89: B-088 | B89: Chung | C89: Vùng quảng cáo | E89: Xem màn xử lý và màn thành công. | F89: Chỉ là khung giữ chỗ "[Native ad · loads here]". | G89: Giới hạn: chưa tích hợp quảng cáo.
